County,Township,Label,COUSUBFP
Shelby County,Prairie township,,61522
Crawford County,Prairie township,,61470
Hancock County,Prairie township,,61496
Edgar County,Prairie township,,61483
Shelby County,Richland township,,63615
La Salle County,Richland township,,63576
Marshall County,Richland township,,63589
Shelby County,Ridge township,,63836
Shelby County,Rose township,,65637
Shelby County,Rural township,,66313
Rock Island County,Rural township,,66300
Crawford County,Oblong township,,55119
Shelby County,Prairie township,,61522
Crawford County,Prairie township,,61470
Hancock County,Prairie township,,61496
Edgar County,Prairie township,,61483
Crawford County,Martin township,,47202
McLean County,Martin township,,47215
Shelby County,Shelbyville township,,69199
Shelby County,Sigel township,,69927
Shelby County,Tower Hill township,,75861
Moultrie County,Marrowbone township,,47124
Monroe County,Precinct 12,,92605
Moultrie County,Lovington township,,45057
Peoria County,Peoria City township,,59013
Moultrie County,Whitley township,,81451
Sangamon County,Auburn township,,02928
Clark County,Auburn township,,02908
Sangamon County,Ball township,,03506
Sangamon County,Buffalo Hart township,,09486
Sangamon County,Capital township,,11046
Sangamon County,Cartwright township,,11579
Sangamon County,Chatham township,,12697
Sangamon County,Cooper township,,16223
Sangamon County,Lanesville township,,41976
Sangamon County,Divernon township,,20058
Sangamon County,Island Grove township,,37881
Sangamon County,Loami township,,44186
Sangamon County,Maxwell township,,47618
Sangamon County,Mechanicsburg township,,48034
Sangamon County,New Berlin township,,52181
Sangamon County,Springfield township,,72013
Sangamon County,Talkington township,,74340
Sangamon County,Williams township,,81776
Sangamon County,Woodside township,,83310
Sangamon County,Illiopolis township,,37140
Sangamon County,Rochester township,,64772
Warren County,Point Pleasant township,,60898
Warren County,Sumner township,,73716
Kankakee County,Sumner township,,73690
Warren County,Tompkins township,,75692
Effingham County,Bishop township,,06145
Effingham County,Douglas township,,20474
Clark County,Douglas township,,20461
Iroquois County,Douglas township,,20487
Effingham County,Jackson township,,38063
Will County,Jackson township,,38076
Effingham County,Lucas township,,45161
Effingham County,Mason township,,47462
Effingham County,Moccasin township,,49763
Effingham County,Mound township,,50725
McDonough County,Mound township,,50738
Effingham County,St. Francis township,,66807
Effingham County,Summit township,,73651
Effingham County,Teutopolis township,,74756
Effingham County,Union township,,76654
Cumberland County,Union township,,76641
Livingston County,Union township,,76680
Fulton County,Union township,,76667
Effingham County,Watson township,,79254
Woodford County,Kansas township,,39012
Edgar County,Kansas township,,38999
Effingham County,Liberty township,,43159
Adams County,Liberty township,,43146
Whiteside County,Clyde township,,15144
Whiteside County,Jordan township,,38700
Cass County,Chandlerville township,,12463
Cass County,Sangamon Valley township,,67600
Clinton County,Santa Fe township,,67652
Fulton County,Cass township,,11696
Iroquois County,Stockland township,,72773
Jasper County,Crooked Creek township,,17653
Cumberland County,Crooked Creek township,,17640
Greene County,Roodhouse township,,65494
Hancock County,Durham township,,21306
Greene County,Rubicon township,,66235
St. Clair County,Canteen township,,10968
St. Clair County,Engelmann township,,24205
St. Clair County,Freeburg township,,27819
St. Clair County,Lebanon township,,42509
Greene County,Wrights township,,83583
St. Clair County,Marissa township,,46968
Massac County,Washington precinct,,93618
Brown County,Lee township,,42561
Fulton County,Lee township,,42574
Brown County,Missouri township,,49685
Brown County,Mount Sterling township,,51167
Clark County,Darwin township,,18680
Mercer County,Mercer township,,48398
Mercer County,Millersburg township,,49256
Mercer County,New Boston township,,52233
Mercer County,Ohio Grove township,,55405
Mercer County,Perryton township,,59182
Mercer County,Preemption township,,61795
Brown County,Pea Ridge township,,58330
Brown County,Versailles township,,77733
Warren County,Berwick township,,05560
Clark County,Dolson township,,20279
Clark County,Johnson township,,38505
Christian County,Johnson township,,38492
Clark County,Marshall township,,47176
Clark County,Martinsville township,,47267
Hancock County,Bear Creek township,,04338
Christian County,Bear Creek township,,04325
Hancock County,Hancock township,,32629
Shelby County,Prairie township,,61522
Crawford County,Prairie township,,61470
Hancock County,Prairie township,,61496
Edgar County,Prairie township,,61483
Hancock County,St. Albans township,,66612
Hancock County,Walker township,,78422
Hancock County,Wythe township,,83713
Hancock County,La Harpe township,,40845
Randolph County,Walsh precinct,,93600
Franklin County,Frankfort township,,27611
Will County,Frankfort township,,27631
Coles County,Humboldt township,,36555
Coles County,Lafayette township,,40637
Ogle County,Lafayette township,,40650
Coles County,Mattoon township,,47566
Coles County,North Okaw township,,54014
Ford County,Brenton township,,07978
St. Clair County,New Athens township,,52129
St. Clair County,Prairie Du Long township,,61600
St. Clair County,Lenzburg township,,42873
St. Clair County,East St. Louis township,,22268
Ford County,Button township,,10214
Ford County,Dix township,,20110
Ford County,Mona township,,49919
Ford County,Patton township,,58122
Massac County,Metropolis No. 4 precinct,,92124
Marshall County,Bell Plain township,,04949
Jackson County,Carbondale township,,11170
Jackson County,Degognia township,,19148
Jackson County,Makanda township,,46227
Franklin County,Barren township,,03818
Mercer County,Rivoli township,,64551
Mercer County,Suez township,,73339
Mercer County,Richland Grove township,,63628
Clinton County,St. Rose township,,67171
Lake County,Shields township,,69485
Lake County,Wauconda township,,79280
Lake County,Waukegan township,,79306
Lake County,West Deerfield township,,80112
Lake County,County subdivisions not defined,,00000
Cook County,County subdivisions not defined,,00000
Lake County,Fremont township,,27923
Clay County,Louisville township,,44940
Coles County,Paradise township,,57615
Clark County,Melrose township,,48229
Adams County,Melrose township,,48203
Clark County,Parker township,,57667
Clark County,Wabash township,,78279
Clark County,York township,,83934
DuPage County,York township,,83947
Carroll County,York township,,83908
Coles County,Seven Hickory township,,68718
Edwards County,Bone Gap precinct,,90486
Edwards County,Ellery precinct,,91152
Edwards County,Salem No. 2 precinct,,93084
Ford County,Peach Orchard township,,58317
Ford County,Pella township,,58512
Ford County,Rogers township,,65273
Ford County,Sullivant township,,73521
Ford County,Wall township,,78474
Franklin County,Ewing township,,24686
Franklin County,Six Mile township,,70070
Franklin County,Cave township,,11813
Lake County,Antioch township,,01608
Lake County,Avon township,,03220
Lake County,Cuba township,,18004
Lake County,Grant township,,30952
Vermilion County,Grant township,,30965
Jersey County,Ruyle township,,66482
Kendall County,Kendall township,,39454
Kendall County,Oswego township,,56900
Clinton County,Breese township,,07926
Clinton County,Brookside township,,08732
Clinton County,East Fork township,,21748
Montgomery County,East Fork township,,21761
Clinton County,Irishtown township,,37673
Kankakee County,Salina township,,67262
Kankakee County,Yellowhead township,,83856
Montgomery County,Grisham township,,31836
Montgomery County,Harvel township,,33370
Christian County,Assumption township,,02622
Hancock County,Bear Creek township,,04338
Christian County,Bear Creek township,,04325
Lake County,Lake Villa township,,41599
Christian County,Buckhart township,,09239
Christian County,Greenwood township,,31641
McHenry County,Greenwood township,,31680
Menard County,Athens North No. 2 precinct,,90256
Menard County,Athens South No. 1 precinct,,90262
Lake County,Libertyville township,,43263
Lake County,Newport township,,52753
Franklin County,Browning township,,08940
Schuyler County,Browning township,,08966
Clinton County,Wade township,,78344
Jasper County,Wade township,,78357
Clinton County,Wheatfield township,,80996
Clinton County,Germantown township,,29054
Clinton County,Looking Glass township,,44667
Greene County,Carrollton township,,11475
Greene County,Patterson township,,58096
Greene County,Woodville township,,83401
Edwards County,Dixon precinct,,90954
Edwards County,Shelby No. 1 precinct,,93153
Montgomery County,Hillsboro township,,35060
Montgomery County,Pitman township,,60183
Montgomery County,South Litchfield township,,70928
Montgomery County,Walshville township,,78669
Lake County,Benton township,,05326
Franklin County,Benton township,,05313
Lake County,Ela township,,22853
Clark County,Johnson township,,38505
Christian County,Johnson township,,38492
Christian County,Mosquito township,,50686
Christian County,Pana township,,57485
Christian County,Prairieton township,,61730
Christian County,Ricks township,,63797
Menard County,Atterberry No. 10 precinct,,90270
Logan County,Atlanta township,,02765
Logan County,Broadwell township,,08485
Bureau County,Arispie township,,02076
Bureau County,Berlin township,,05430
Bureau County,Bureau township,,09668
Bureau County,Clarion township,,14598
Montgomery County,Witt township,,82738
Montgomery County,Zanesville township,,84129
Montgomery County,Bois D'Arc township,,07107
Montgomery County,Irving township,,37751
Montgomery County,Rountree township,,66092
Pope County,Eddyville No. 6 precinct,,91116
Hamilton County,Beaver Creek township,,04481
Perry County,Du Quoin No. 3 precinct,,91012
Perry County,Du Quoin No. 4 precinct,,91013
Perry County,Du Quoin No. 5 precinct,,91014
Perry County,Du Quoin No. 6 precinct,,91015
Ford County,Drummer township,,20799
Logan County,Chester township,,13126
Logan County,Corwin township,,16496
Logan County,Eminence township,,24049
Logan County,Laenna township,,40624
Christian County,Rosamond township,,65598
Christian County,South Fork township,,70798
Christian County,Taylorville township,,74587
Christian County,King township,,39948
Menard County,Petersburg East No. 13 precinct,,92433
Menard County,Petersburg North No. 14 precinct,,92436
Woodford County,Cazenovia township,,11878
Bureau County,Concord township,,16028
Adams County,Concord township,,16015
Iroquois County,Concord township,,16041
Bureau County,Dover township,,20539
Bureau County,Greenville township,,31602
Menard County,Petersburg South No. 15 precinct,,92439
Menard County,Rock Creek No. 12 precinct,,93024
Madison County,Alton township,,01127
Madison County,Edwardsville township,,22710
Madison County,Granite City township,,30939
Madison County,Jarvis township,,38245
Pope County,Golconda No. 1 precinct,,91386
Pope County,Golconda No. 3 precinct,,91422
Pope County,Webster No. 5 precinct,,93654
Woodford County,Greene township,,31355
Mercer County,Greene township,,31342
Woodford County,Linn township,,43835
Woodford County,Metamora township,,48619
Woodford County,Minonk township,,49581
Woodford County,Montgomery township,,50231
Crawford County,Montgomery township,,50205
Woodford County,Olio township,,55821
Perry County,Pinckneyville No. 3 precinct,,92470
Perry County,Du Quoin No. 7 precinct,,91016
Hamilton County,McLeansboro township,,45837
Hamilton County,South Crouch township,,70655
Perry County,Du Quoin No. 9 precinct,,91018
Perry County,Du Quoin No. 10 precinct,,91019
Perry County,Du Quoin No. 11 precinct,,91020
Hancock County,Appanoose township,,01621
Edwards County,Albion No. 1 precinct,,90039
Edwards County,Albion No. 2 precinct,,90041
Edwards County,Albion No. 3 precinct,,90044
Logan County,Lake Fork township,,41144
Logan County,Mount Pulaski township,,51141
Logan County,Sheridan township,,69290
Bureau County,Indiantown township,,37413
Bureau County,La Moille township,,41807
Bureau County,Leepertown township,,42665
Bureau County,Milo township,,49438
Hancock County,Augusta township,,02999
Hancock County,Chili township,,14104
Perry County,Du Quoin No. 1 precinct,,91010
Perry County,Swanwick precinct,,93348
Perry County,Willisville precinct,,93762
Perry County,Du Quoin No. 12 precinct,,91021
Bureau County,Princeton township,,61912
Hamilton County,South Twigg township,,71305
Hamilton County,Twigg township,,76472
Perry County,Pinckneyville No. 1 precinct,,92468
Perry County,Pinckneyville No. 2 precinct,,92469
Kane County,Plato township,,60365
Kane County,Rutland township,,66430
La Salle County,Rutland township,,66456
Kane County,Sugar Grove township,,73404
Kane County,Virgil township,,78188
Bureau County,Mineral township,,49529
Bureau County,Neponset township,,52012
Bureau County,Ohio township,,55392
Bureau County,Selby township,,68562
Moultrie County,Dora township,,20344
Perry County,Pinckneyville No. 4 precinct,,92471
Perry County,Pinckneyville No. 5 precinct,,92472
Perry County,Pinckneyville No. 6 precinct,,92473
Perry County,Pinckneyville No. 7 precinct,,92474
Moultrie County,East Nelson township,,22099
Moultrie County,Jonathan Creek township,,38609
Bureau County,Walnut township,,78539
Bureau County,Westfield township,,80268
Clark County,Westfield township,,80294
Bureau County,Wheatland township,,81009
Will County,Wheatland township,,81035
Fayette County,Wheatland township,,81022
Bureau County,Wyanet township,,83635
Montgomery County,Audubon township,,02960
Clinton County,East Fork township,,21748
Montgomery County,East Fork township,,21761
Perry County,Tamaroa No. 2 precinct,,93386
Stephenson County,Ridott township,,64057
Henderson County,Biggsville township,,05911
Henderson County,Raritan township,,62861
Peoria County,Hallock township,,32304
Logan County,East Lincoln township,,21982
Logan County,Hurlbut township,,36789
Logan County,Oran township,,56289
Massac County,Georges Creek precinct,,91332
McHenry County,Algonquin township,,00698
McDonough County,Lamoine township,,41820
Effingham County,Mound township,,50725
McDonough County,Mound township,,50738
McDonough County,New Salem township,,52792
Pike County,New Salem township,,52818
Pike County,Atlas township,,02791
Pike County,Barry township,,03974
McDonough County,Prairie City township,,61561
Pike County,Chambersburg township,,12359
McDonough County,Sciota township,,68211
McDonough County,Tennessee township,,74678
Livingston County,Waldo township,,78409
Pulaski County,Mounds precinct,,92196
McDonough County,Walnut Grove township,,78591
Knox County,Walnut Grove township,,78565
McLean County,Blue Mound township,,06743
Macon County,Blue Mound township,,06769
McLean County,Chenoa township,,12944
Pike County,Cincinnati township,,14390
Tazewell County,Cincinnati township,,14403
Pike County,Derry township,,19577
Pike County,Detroit township,,19694
Pike County,Fairmount township,,24972
Pike County,Griggsville township,,31784
Pike County,Hadley township,,32070
McLean County,Cropsey township,,17705
McLean County,Danvers township,,18550
McLean County,Dawson township,,18732
Bond County,Mulberry Grove township,,51297
Bond County,Shoal Creek township,,69641
DuPage County,Lisle township,,43952
DuPage County,Milton township,,49451
Mercer County,North Henderson township,,53806
DuPage County,Wayne township,,79410
Clark County,York township,,83934
DuPage County,York township,,83947
Carroll County,York township,,83908
Effingham County,Banner township,,03558
Fulton County,Banner township,,03584
Effingham County,West township,,79891
McLean County,West township,,79904
Marshall County,Lacon township,,40572
Pope County,Golconda No. 2 precinct,,91404
Pope County,Jefferson No. 4 precinct,,91746
Franklin County,Eastern township,,21735
Franklin County,Goode township,,30406
Franklin County,Northern township,,53637
Edwards County,Browns precinct,,90540
Edwards County,French Creek precinct,,91296
Edwards County,Salem No. 1 precinct,,93081
McLean County,Dry Grove township,,20838
McLean County,Funks Grove township,,28209
Pike County,Hardin township,,32863
Pike County,Kinderhook township,,39935
Pike County,Newburg township,,52259
McDonough County,New Salem township,,52792
Pike County,New Salem township,,52818
Pike County,Pearl township,,58356
Pike County,Perry township,,59169
Ogle County,Taylor township,,74535
Shelby County,Clarksburg township,,14637
Shelby County,Penn township,,58590
Stark County,Penn township,,58603
Shelby County,Todds Point township,,75588
McLean County,Gridley township,,31745
McLean County,Lawndale township,,42353
McLean County,Lexington township,,43107
Jasper County,Grandville township,,30887
Jasper County,Grove township,,31888
Jasper County,Hunt City township,,36659
Marshall County,Roberts township,,64668
Jasper County,North Muddy township,,54001
Jasper County,Ste. Marie township,,66803
Will County,Du Page township,,21241
Will County,Manhattan township,,46370
Adams County,Beverly township,,05742
Adams County,Burton township,,10019
McHenry County,Burton township,,10032
Menard County,Tallula No. 11 precinct,,93366
Richland County,Claremont township,,14546
Richland County,Decker township,,18862
Richland County,Denver township,,19486
Richland County,Noble township,,53156
Adams County,Camp Point township,,10890
Woodford County,Kansas township,,39012
Edgar County,Kansas township,,38999
Pike County,Flint township,,26415
De Witt County,Nixon township,,53117
De Witt County,Waynesville township,,79462
Mercer County,Duncan township,,20968
Crawford County,Martin township,,47202
McLean County,Martin township,,47215
McLean County,Money Creek township,,49971
McLean County,Mount Hope township,,50972
McLean County,Old Town township,,55782
Jasper County,South Muddy township,,71084
Clinton County,Wade township,,78344
Jasper County,Wade township,,78357
Mercer County,Keithsburg township,,39311
Jasper County,Willow Hill township,,82023
Gallatin County,Asbury township,,02427
Gallatin County,New Haven township,,52519
Schuyler County,Buena Vista township,,09395
Schuyler County,Woodstock township,,83362
Adams County,Columbus township,,15859
Bureau County,Concord township,,16028
Adams County,Concord township,,16015
Iroquois County,Concord township,,16041
Piatt County,Unity township,,76888
Putnam County,Granville township,,31030
Putnam County,Hennepin township,,34124
Adams County,Fall Creek township,,25258
Adams County,Honey Creek township,,35957
Crawford County,Honey Creek township,,35970
McLean County,Randolph township,,62692
McLean County,Towanda township,,75835
Effingham County,West township,,79891
McLean County,West township,,79904
McLean County,White Oak township,,81321
McLean County,Yates township,,83804
Rock Island County,Andalusia township,,01439
Rock Island County,Blackhawk township,,06301
Rock Island County,Bowling township,,07549
Rock Island County,Buffalo Prairie township,,09512
Fayette County,Seminary township,,68601
Fayette County,South Hurricane township,,70876
Fayette County,Vandalia township,,77330
Fayette County,Avena township,,03155
Fayette County,Bear Grove township,,04377
Fayette County,Carson township,,11501
Fayette County,Loudon township,,44901
Fayette County,Pope township,,61106
Rock Island County,Canoe Creek township,,10955
Rock Island County,Coe township,,15326
Rock Island County,Cordova township,,16379
Rock Island County,Drury township,,20825
Rock Island County,Moline township,,49880
Rock Island County,Port Byron township,,61236
Rock Island County,Rock Island township,,65091
Bond County,Burgess township,,09694
Bond County,Central township,,12112
Ford County,Lyman township,,45252
Cook County,Bloom township,,06561
Cook County,Chicago city,,14000
DuPage County,Chicago city,,14000
Cook County,Elk Grove township,,23243
Cook County,Leyden township,,43120
Cook County,Maine township,,46162
Grundy County,Maine township,,46175
Cook County,Rich township,,63498
Cook County,River Forest township,,64317
Cook County,Stickney township,,72689
Cook County,Worth township,,83531
Woodford County,Worth township,,83544
Shelby County,Rural township,,66313
Rock Island County,Rural township,,66300
Rock Island County,South Moline township,,70993
Rock Island County,South Rock Island township,,71201
Putnam County,Magnolia township,,46123
McHenry County,Alden township,,00607
Putnam County,Senachwine township,,68627
Hamilton County,Crouch township,,17809
Hamilton County,Dahlgren township,,18316
Hamilton County,Flannigan township,,26324
Hamilton County,Mayberry township,,47657
Hamilton County,South Flannigan township,,70785
Adams County,Houston township,,36295
Rock Island County,Hampton township,,32577
Rock Island County,Zuma township,,84246
Morgan County,Jacksonville No. 6 precinct,,91716
Morgan County,Jacksonville No. 7 precinct,,91717
Morgan County,Jacksonville No. 8 precinct,,91718
Morgan County,Jacksonville No. 9 precinct,,91719
Morgan County,Jacksonville No. 11 precinct,,91721
Morgan County,Jacksonville No. 12 precinct,,91722
Adams County,Keene township,,39220
Hancock County,Carthage township,,11540
Hancock County,Harmony township,,32993
Hancock County,Montebello township,,50140
Hancock County,Warsaw township,,78955
Hancock County,Fountain Green township,,27325
Bond County,Mills township,,49321
Bond County,Pleasant Mound township,,60586
White County,Burnt Prairie township,,09902
White County,Gray township,,31069
White County,Indian Creek township,,37231
White County,Phillips township,,59507
Madison County,Chouteau township,,14260
Madison County,Collinsville township,,15612
Madison County,Foster township,,27182
Marion County,Foster township,,27195
Madison County,Moro township,,50465
Madison County,Nameoki township,,51583
Madison County,Omphghent township,,56068
Madison County,Saline township,,67275
Madison County,Venice township,,77486
Morgan County,Literberry precinct,,91926
Massac County,Jefferson precinct,,91740
Effingham County,Liberty township,,43159
Adams County,Liberty township,,43146
Clark County,Melrose township,,48229
Adams County,Melrose township,,48203
Adams County,Payson township,,58278
Adams County,Riverside township,,64408
Cook County,Riverside township,,64434
Adams County,Quincy township,,62380
Adams County,McKee township,,45746
Adams County,Northeast township,,53624
Adams County,Richfield township,,63550
Greene County,Walkerville township,,78461
Washington County,Covington township,,17042
Washington County,Hoyleton township,,36360
Washington County,Venedy township,,77434
Morgan County,Waverly No. 2 precinct,,93642
Massac County,Benton precinct,,90396
Massac County,Logan precinct,,91944
Massac County,Metropolis No. 1 precinct,,92070
Adams County,Honey Creek township,,35957
Crawford County,Honey Creek township,,35970
Wabash County,Bellmont precinct,,90378
Wabash County,Lick Prairie precinct,,91890
Bureau County,Westfield township,,80268
Clark County,Westfield township,,80294
Saline County,Carrier Mills township,,11404
Saline County,Mountain township,,50803
Saline County,Stonefort township,,72897
Morgan County,Woodson precinct,,93852
Coles County,Ashmore township,,02570
Coles County,East Oakland township,,22138
Coles County,Morgan township,,50400
St. Clair County,Caseyville township,,11657
St. Clair County,Fayetteville township,,25726
St. Clair County,Mascoutah township,,47436
St. Clair County,O'Fallon township,,55262
St. Clair County,Smithton township,,70265
St. Clair County,Sugar Loaf township,,73456
Coles County,Pleasant Grove township,,60469
Douglas County,Arcola township,,01894
Grundy County,Saratoga township,,67678
Marshall County,Saratoga township,,67691
Grundy County,Goose Lake township,,30549
St. Clair County,Stites township,,72741
Pulaski County,Karnak precinct,,91800
Pulaski County,Pulaski precinct,,92952
Pulaski County,Wetaug precinct,,93744
Piatt County,Cerro Gordo township,,12275
Piatt County,Blue Ridge township,,06808
Madison County,Helvetia township,,33981
Edgar County,Brouilletts Creek township,,08901
Pulaski County,America precinct,,90108
Pulaski County,Mound City precinct,,92178
Pulaski County,Olmsted precinct,,92322
Pulaski County,Perks precinct,,92412
Vermilion County,Ross township,,65949
Edgar County,Ross township,,65923
Pike County,Ross township,,65936
Bureau County,Fairfield township,,24790
Edgar County,Buck township,,09213
Edgar County,Edgar township,,22502
Edgar County,Elbridge township,,22912
Edgar County,Embarrass township,,23958
Wayne County,Big Mound township,,05950
Wayne County,Elm River township,,23685
Wayne County,Leech township,,42626
Knox County,Galesburg City township,,28352
Edgar County,Grandview township,,30822
Edgar County,Hunter township,,36685
Edgar County,Paris township,,57641
McDonough County,Walnut Grove township,,78591
Knox County,Walnut Grove township,,78565
Henderson County,Bald Bluff township,,03415
Shelby County,Prairie township,,61522
Crawford County,Prairie township,,61470
Hancock County,Prairie township,,61496
Edgar County,Prairie township,,61483
Vermilion County,Ross township,,65949
Edgar County,Ross township,,65923
Pike County,Ross township,,65936
Kane County,Burlington township,,09772
Kane County,Elgin township,,23087
Montgomery County,Fillmore Consolidated township,,26094
Shelby County,Holland township,,35567
Shelby County,Oconee township,,55145
Moultrie County,Lowe township,,45083
Crawford County,Licking township,,43315
Shelby County,Big Spring township,,06002
Shelby County,Cold Spring township,,15417
Shelby County,Dry Point township,,20851
Shelby County,Flat Branch township,,26337
Shelby County,Herrick township,,34345
Shelby County,Lakewood township,,41690
St. Clair County,Belleville city,,04845
Shelby County,Moweaqua township,,51245
Shelby County,Okaw township,,55457
Cook County,Evanston city,,24582
DuPage County,Addison township,,00250
DuPage County,Downers Grove township,,20604
DuPage County,Naperville township,,51635
DuPage County,Winfield township,,82413
Edgar County,Shiloh township,,69498
Jefferson County,Shiloh township,,69511
Edgar County,Stratton township,,73092
Edgar County,Young America township,,84064
Cook County,Chicago city,,14000
DuPage County,Chicago city,,14000
Schuyler County,Bainbridge township,,03350
Schuyler County,Birmingham township,,06132
Rock Island County,Coal Valley township,,15248
Pike County,Pittsfield township,,60235
Pike County,Pleasant Hill township,,60547
La Salle County,Adams township,,00204
La Salle County,Ophir township,,56224
Pike County,Pleasant Vale township,,60651
Vermilion County,Ross township,,65949
Edgar County,Ross township,,65923
Pike County,Ross township,,65936
Pike County,Spring Creek township,,71617
Monroe County,Precinct 1,,92550
Monroe County,Precinct 6,,92575
Monroe County,Precinct 10,,92595
Shelby County,Richland township,,63615
La Salle County,Richland township,,63576
Marshall County,Richland township,,63589
Lee County,Amboy township,,01283
Jersey County,English township,,24231
Jersey County,Fidelity township,,25973
DuPage County,Bloomingdale township,,06600
Ogle County,Forreston township,,27078
Schuyler County,Brooklyn township,,08693
Lee County,Brooklyn township,,08654
Franklin County,Browning township,,08940
Schuyler County,Browning township,,08966
Schuyler County,Camden township,,10708
Schuyler County,Frederick township,,27793
Schuyler County,Hickory township,,34462
Schuyler County,Huntsville township,,36776
Peoria County,Akron township,,00477
Peoria County,Brimfield township,,08316
Peoria County,Chillicothe township,,14130
Peoria County,Elmwood township,,23711
Peoria County,Hollis township,,35645
Peoria County,Jubilee township,,38765
Peoria County,Limestone township,,43523
Kankakee County,Limestone township,,43497
Adams County,Clayton township,,14780
Woodford County,Clayton township,,14793
Adams County,Ellington township,,23412
Adams County,Gilmer township,,29288
Adams County,Lima township,,43458
Adams County,Mendon township,,48320
Adams County,Ursa township,,77057
Monroe County,Precinct 37,,92730
Monroe County,Precinct 28,,92685
Lee County,Bradford township,,07679
Schuyler County,Brooklyn township,,08693
Lee County,Brooklyn township,,08654
Lee County,Harmon township,,32980
Lee County,Lee Center township,,42613
Schuyler County,Rushville township,,66352
Warren County,Hale township,,32226
Warren County,Spring Grove township,,72065
Calhoun County,Belleview precinct,,90360
Calhoun County,Carlin precinct,,90630
Calhoun County,Crater precinct,,90900
Calhoun County,Gilead precinct,,91350
Calhoun County,Hamburg precinct,,91584
Perry County,Du Quoin No. 2 precinct,,91011
Perry County,Beaucoup precinct,,90342
Perry County,Sunfield precinct,,93330
Perry County,Pinckneyville No. 8 precinct,,92475
Perry County,Tamaroa No. 1 precinct,,93384
Perry County,Cutler precinct,,90936
Peoria County,Logan township,,44342
Peoria County,Millbrook township,,49113
Peoria County,Princeville township,,61938
Peoria County,Radnor township,,62510
Peoria County,Richwoods township,,63771
Peoria County,Rosefield township,,65715
Peoria County,Timber township,,75289
Kendall County,Lisbon township,,43913
Lake County,Vernon township,,77668
Mason County,Mason City township,,47482
Randolph County,Percy precinct,,92394
Tazewell County,Sand Prairie township,,67483
Woodford County,Cruger township,,17861
Morgan County,Jacksonville No. 10 precinct,,91720
Lee County,Wyoming township,,83674
Calhoun County,Hardin precinct,,91602
Schuyler County,Littleton township,,44069
Calhoun County,Richwood precinct,,92988
Will County,Lockport township,,44238
Will County,Wilton township,,82244
Will County,Channahon township,,12483
Will County,Crete township,,17536
Will County,Custer township,,18199
Will County,Florence township,,26519
Stephenson County,Florence township,,26506
Franklin County,Frankfort township,,27611
Will County,Frankfort township,,27631
Pike County,Martinsburg township,,47241
Peoria County,Trivoli township,,76121
Peoria County,West Peoria township,,80749
Lee County,Nachusa township,,51557
McHenry County,Chemung township,,12892
Stark County,Osceola township,,56783
Williamson County,Carterville precinct,,90648
Williamson County,Creal Springs precinct,,90918
Williamson County,Herrin precinct,,91620
Williamson County,Stonefort precinct,,93294
Williamson County,Crab Orchard precinct,,90882
McHenry County,Dorr township,,20396
McHenry County,Dunham township,,21111
McHenry County,Grafton township,,30666
Christian County,Greenwood township,,31641
McHenry County,Greenwood township,,31680
McHenry County,Hebron township,,33864
Wayne County,Zif township,,84194
Union County,Jonesboro District 1 precinct,,91764
Pike County,Levee township,,43003
Pike County,Montezuma township,,50192
Clay County,Clay City township,,14728
Livingston County,Nebraska township,,51895
Livingston County,Sunbury township,,73781
Will County,Green Garden township,,31394
Will County,Homer township,,35827
Effingham County,Jackson township,,38063
Will County,Jackson township,,38076
Will County,Joliet township,,38583
Will County,Monee township,,49958
Will County,New Lenox township,,52597
Iroquois County,Ash Grove township,,02453
Shelby County,Ash Grove township,,02466
Iroquois County,Chebanse township,,12814
Bureau County,Concord township,,16028
Adams County,Concord township,,16015
Iroquois County,Concord township,,16041
Iroquois County,Danforth township,,18511
Iroquois County,Martinton township,,47293
Perry County,Du Quoin No. 8 precinct,,91017
Williamson County,Corinth precinct,,90846
Williamson County,Southern precinct,,93204
Williamson County,Lake Creek precinct,,91836
McHenry County,McHenry township,,45707
McHenry County,Marengo township,,46799
McHenry County,Richmond township,,63654
Jasper County,Crooked Creek township,,17653
Cumberland County,Crooked Creek township,,17640
Cumberland County,Spring Point township,,72143
McHenry County,Riley township,,64096
McHenry County,Nunda township,,54495
McHenry County,Seneca township,,68653
Clay County,Bible Grove township,,05807
Clay County,Blair township,,06392
Clay County,Oskaloosa township,,56835
Clay County,Pixley township,,60261
Moultrie County,Sullivan township,,73508
Livingston County,Sullivan township,,73482
Kankakee County,Otto township,,57017
Clay County,Songer township,,70486
Clay County,Stanford township,,72247
Clay County,Xenia township,,83752
Fulton County,Farmington township,,25544
Fulton County,Harris township,,33110
Fulton County,Isabel township,,37842
Fulton County,Waterford township,,79137
Tazewell County,Little Mackinaw township,,44017
Montgomery County,Butler Grove township,,10175
Montgomery County,Nokomis township,,53182
Montgomery County,North Litchfield township,,53949
Montgomery County,Raymond township,,62978
Champaign County,Raymond township,,62952
Kane County,Batavia township,,04091
Kane County,Big Rock township,,05989
Kane County,Blackberry township,,06262
Kane County,Campton township,,10903
Cumberland County,Cottonwood township,,16587
Cumberland County,Sumpter township,,73729
Cumberland County,Woodbury township,,82959
Cumberland County,Greenup township,,31537
Union County,Alto Pass precinct,,90090
Kane County,Dundee township,,21046
Kane County,Geneva township,,28885
Kane County,Hampshire township,,32538
Kane County,Kaneville township,,38908
Marion County,Centralia township,,12177
Marion County,Romine township,,65455
Marion County,Salem township,,67249
Carroll County,Salem township,,67210
Knox County,Salem township,,67223
Marion County,Tonti township,,75744
La Salle County,Peru township,,59247
La Salle County,Serena township,,68692
Fulton County,Deerfield township,,18979
La Salle County,South Ottawa township,,71110
La Salle County,Troy Grove township,,76238
La Salle County,Utica township,,77096
La Salle County,Wallace township,,78487
La Salle County,Waltham township,,78682
Jo Daviess County,East Galena township,,21813
Sangamon County,Pawnee township,,58187
Kankakee County,Essex township,,24465
Stark County,Essex township,,24478
Kankakee County,Ganeer township,,28456
Kankakee County,Kankakee township,,38947
Peoria County,Limestone township,,43523
Kankakee County,Limestone township,,43497
Kankakee County,Manteno township,,46513
Kankakee County,Momence township,,49906
Kankakee County,Norton township,,54352
Randolph County,Brewerville precinct,,90522
Randolph County,Kaskaskia precinct,,91818
Randolph County,Rockwood precinct,,93042
Randolph County,Wine Hill precinct,,93834
Douglas County,Bourbon township,,07458
Scott County,Alsey precinct,,90072
Scott County,Bloomfield precinct,,90468
Johnson County,Bloomfield precinct,,90450
Scott County,Glasgow precinct,,91368
Scott County,Manchester precinct,,92016
Douglas County,Bowdre township,,07497
Douglas County,Camargo township,,10604
Douglas County,Garrett township,,28755
Douglas County,Murdock township,,51427
Douglas County,Newman township,,52636
Douglas County,Sargent township,,67730
Douglas County,Tuscola township,,76420
Christian County,Stonington township,,72962
Jefferson County,Bald Hill township,,03428
Jefferson County,Blissville township,,06496
Jefferson County,Casner township,,11670
Jefferson County,Dodds township,,20227
Jefferson County,Elk Prairie township,,23334
Jefferson County,Farrington township,,25648
Jefferson County,Field township,,25986
Jefferson County,Grand Prairie township,,30731
Scott County,Merritt precinct,,92052
Scott County,Naples-Bluffs precinct,,92250
Scott County,Winchester No. 1 precinct,,93780
Scott County,Winchester No. 2 precinct,,93798
Jefferson County,McClellan township,,45512
Jefferson County,Moores Prairie township,,50348
Jefferson County,Mount Vernon township,,51193
Jefferson County,Pendleton township,,58564
Jefferson County,Rome township,,65377
Edgar County,Shiloh township,,69498
Jefferson County,Shiloh township,,69511
Jefferson County,Spring Garden township,,72039
Jefferson County,Webber township,,79514
Randolph County,Central precinct,,90702
Randolph County,Coulterville precinct,,90864
Randolph County,Palestine precinct,,92358
Randolph County,Steeleville precinct,,93240
Randolph County,Tilden precinct,,93438
Randolph County,Baldwin precinct,,90306
Randolph County,Ellis Grove precinct,,91170
McLean County,Blue Mound township,,06743
Macon County,Blue Mound township,,06769
Macon County,Decatur township,,18836
Scott County,Winchester No. 3 precinct,,93816
Woodford County,El Paso township,,23750
Jo Daviess County,Menominee township,,48372
Jo Daviess County,Nora township,,53208
Macon County,Friends Creek township,,27988
Macon County,Harristown township,,33240
Macon County,Hickory Point township,,34527
Macon County,Long Creek township,,44511
Macon County,Maroa township,,47085
Macon County,Mount Zion township,,51219
La Salle County,Deer Park township,,19096
La Salle County,Groveland township,,31914
Tazewell County,Groveland township,,31940
La Salle County,Vermillion township,,77623
Jo Daviess County,Pleasant Valley township,,60664
Jo Daviess County,Rawlins township,,62926
Sangamon County,Clear Lake township,,14858
Sangamon County,Curran township,,18160
Sangamon County,Gardner township,,28651
Ogle County,Brookville township,,08784
Jo Daviess County,Rice township,,63472
Jo Daviess County,Rush township,,66326
Jo Daviess County,Scales Mound township,,67938
Macon County,Niantic township,,52974
Macon County,Oakley township,,54859
Macon County,South Wheatland township,,71357
Macon County,Whitmore township,,81464
Jo Daviess County,Thompson township,,75146
Jo Daviess County,Wards Grove township,,78799
Jo Daviess County,Warren township,,78864
Lake County,Warren township,,78877
Jo Daviess County,West Galena township,,80359
Jo Daviess County,Woodbine township,,82907
Jo Daviess County,Vinegar Hill township,,78084
Union County,Union precinct,,93484
Gallatin County,Eagle Creek township,,21449
Gallatin County,Equality township,,24361
Gallatin County,Gold Hill township,,30302
Gallatin County,North Fork township,,53702
Cass County,Arenzville township,,01959
Cass County,Ashland township,,02518
Cass County,Beardstown township,,04364
Gallatin County,Omaha township,,56016
Gallatin County,Ridgway township,,64031
Gallatin County,Shawnee township,,69069
Morgan County,Jacksonville No. 2 precinct,,91712
Lawrence County,Christy township,,14299
Lawrence County,Lukin township,,45200
Cass County,Hagener township,,32148
Cass County,Newmansville township,,52662
Cass County,Panther Creek township,,57550
Cass County,Philadelphia township,,59481
Cass County,Virginia township,,78214
Morgan County,Pisgah precinct,,92484
Ogle County,Buffalo township,,09421
Ogle County,Byron township,,10253
Ogle County,Dement township,,19382
Ogle County,Eagle Point township,,21501
Ogle County,Flagg township,,26298
Ogle County,Grand Detour township,,30718
Coles County,Lafayette township,,40637
Ogle County,Lafayette township,,40650
Ogle County,Leaf River township,,42470
Ogle County,Lincoln township,,43549
Ogle County,Lynnville township,,45382
Ogle County,Marion township,,46903
Lee County,Marion township,,46890
Ogle County,Maryland township,,47358
Ogle County,Monroe township,,50049
Ogle County,Mount Morris township,,51011
Ogle County,Oregon-Nashua township,,56504
Ogle County,Pine Rock township,,59975
Morgan County,Alexander precinct,,90054
Morgan County,Arcadia precinct,,90234
Morgan County,Jacksonville No. 1 precinct,,91711
Morgan County,Jacksonville No. 3 precinct,,91713
Morgan County,Jacksonville No. 4 precinct,,91714
Ogle County,Rockvale township,,65182
Ogle County,White Rock township,,81399
Ogle County,Woosung township,,83492
Lawrence County,Allison township,,00906
Lawrence County,Russell township,,66378
Lawrence County,Bridgeport township,,08199
DeKalb County,Shabbona township,,68835
DeKalb County,Somonauk township,,70473
Union County,Anna District 1 precinct,,90126
Union County,Anna District 2 precinct,,90144
Union County,Anna District 3 precinct,,90162
Union County,Anna District 6 precinct,,90216
Stark County,Elmira township,,23646
Cumberland County,Neoga township,,51993
Effingham County,Union township,,76654
Cumberland County,Union township,,76641
Livingston County,Union township,,76680
Fulton County,Union township,,76667
Champaign County,Ayers township,,03246
Alexander County,Cache precinct,,90576
Johnson County,Cache precinct,,90594
Christian County,Locust township,,44251
Ogle County,Scott township,,68302
Champaign County,Scott township,,68289
Jackson County,Ora township,,56276
DeKalb County,Afton township,,00386
DeKalb County,Clinton township,,14988
DeKalb County,Cortland township,,16483
DeKalb County,DeKalb township,,19174
Bureau County,Hall township,,32265
Bureau County,Macon township,,45928
DeKalb County,Franklin township,,27650
DeKalb County,Genoa township,,28911
DeKalb County,Kingston township,,40078
DeKalb County,Malta township,,46292
DeKalb County,Mayfield township,,47696
DeKalb County,Milan township,,48983
DeKalb County,Paw Paw township,,58200
DeKalb County,Pierce township,,59676
DeKalb County,Sandwich township,,67561
DeKalb County,South Grove township,,70837
DeKalb County,Sycamore township,,74236
Clinton County,Sugar Creek township,,73365
Carroll County,Freedom township,,27832
La Salle County,Freedom township,,27845
Madison County,Foster township,,27182
Marion County,Foster township,,27195
Morgan County,Waverly No. 1 precinct,,93640
Marion County,Stevenson township,,72598
McLean County,Bloomington township,,06626
McLean County,Bloomington City township,,06639
McLean County,Cheney's Grove township,,12905
McLean County,Empire township,,24140
McLean County,Hudson township,,36451
Morgan County,Franklin precinct,,91278
Massac County,Franklin precinct,,91260
Morgan County,Jacksonville No. 5 precinct,,91715
Marion County,Carrigan township,,11436
Marion County,Haines township,,32187
Marion County,Meacham township,,47826
Marion County,Raccoon township,,62445
Hancock County,Rocky Run-Wilcox township,,65240
Sangamon County,Cotton Hill township,,16574
Sangamon County,Fancy Creek township,,25323
Mason County,Crane Creek township,,17250
Mason County,Kilbourne township,,39870
Mason County,Salt Creek township,,67353
Mason County,Sherman township,,69329
Champaign County,Colfax township,,15482
Champaign County,Compromise township,,15976
Marshall County,Evans township,,24569
Champaign County,Condit township,,16080
Champaign County,Crittenden township,,17588
Champaign County,Ogden township,,55288
Champaign County,Pesotum township,,59286
Hardin County,Rosiclare precinct,,93050
Marshall County,La Prairie township,,42093
Shelby County,Richland township,,63615
La Salle County,Richland township,,63576
Marshall County,Richland township,,63589
Grundy County,Saratoga township,,67678
Marshall County,Saratoga township,,67691
Champaign County,Philo township,,59546
Champaign County,Stanton township,,72273
Champaign County,Tolono township,,75627
Marshall County,Whitefield township,,81230
Marion County,Iuka township,,37946
Livingston County,Amity township,,01348
Livingston County,Germanville township,,29106
McDonough County,Blandinsville township,,06483
McDonough County,Chalmers township,,12333
McDonough County,Emmet township,,24101
McDonough County,Macomb township,,45902
McDonough County,Macomb City township,,45915
Champaign County,East Bend township,,21566
Champaign County,Harwood township,,33422
Champaign County,Kerr township,,39688
Champaign County,Mahomet township,,46149
Champaign County,Newcomb township,,52376
Montgomery County,Raymond township,,62978
Champaign County,Raymond township,,62952
McDonough County,Scotland township,,68250
Sangamon County,Auburn township,,02928
Clark County,Auburn township,,02908
Champaign County,Sadorus township,,66547
Ogle County,Scott township,,68302
Champaign County,Scott township,,68289
Champaign County,Sidney township,,69888
Champaign County,South Homer township,,70863
Hardin County,Rock precinct,,92995
Macon County,Illini township,,37023
Champaign County,Champaign township,,12398
Champaign County,Champaign City township,,12411
Champaign County,Cunningham township,,18121
Whiteside County,Mount Pleasant township,,51076
Tazewell County,Dillon township,,19941
Tazewell County,Hopedale township,,36139
Champaign County,Hensley township,,34189
Champaign County,Ludlow township,,45187
Champaign County,Rantoul township,,62796
Champaign County,St. Joseph township,,66963
Champaign County,Somer township,,70382
Champaign County,Urbana township,,77018
La Salle County,Bruce township,,09057
Carroll County,Freedom township,,27832
La Salle County,Freedom township,,27845
Saline County,East Eldorado township,,21709
Saline County,Galatia township,,28274
Carroll County,Woodland township,,83076
Fulton County,Woodland township,,83089
Kane County,Rutland township,,66430
La Salle County,Rutland township,,66456
Saline County,Harrisburg township,,33149
Alexander County,Thebes precinct,,93420
Macoupin County,South Palmyra township,,71136
Macoupin County,Cahokia township,,10357
Macoupin County,South Otter township,,71123
Macoupin County,Chesterfield township,,13178
Macoupin County,Gillespie township,,29249
Macoupin County,Dorchester township,,20383
Macoupin County,Barr township,,03792
Jasper County,Smallwood township,,70200
Macon County,Pleasant View township,,60677
Stephenson County,Lancaster township,,41885
Stephenson County,Silver Creek township,,69953
Saline County,Independence township,,37205
Saline County,Long Branch township,,44485
Saline County,Raleigh township,,62601
Saline County,Rector township,,63030
Saline County,Tate township,,74509
Christian County,Mount Auburn township,,50842
Williamson County,Blairsville precinct,,90432
Williamson County,East Marion precinct,,91062
Williamson County,Grassy precinct,,91548
Williamson County,West Marion precinct,,93690
Henderson County,Rozetta township,,66222
Vermilion County,Elwood township,,23932
Knox County,Galesburg township,,28339
Knox County,Henderson township,,34020
Knox County,Orange township,,56315
Clark County,Orange township,,56302
Menard County,Greenview No. 6 precinct,,91566
Menard County,Oakford No. 9 precinct,,92286
Menard County,Sandridge No. 8 precinct,,93096
Kankakee County,Essex township,,24465
Stark County,Essex township,,24478
Stark County,Goshen township,,30627
Logan County,Aetna township,,00360
Logan County,Elkhart township,,23282
Logan County,Orvil township,,56705
Logan County,Prairie Creek township,,61574
Logan County,West Lincoln township,,80593
Pulaski County,Grand Chain precinct,,91476
Pulaski County,Ullin precinct,,93474
Pulaski County,Villa Ridge precinct,,93564
Scott County,Exeter-Bluffs precinct,,91224
Christian County,May township,,47631
Lee County,May township,,47644
Carroll County,Wysox township,,83700
Greene County,Kane township,,38882
Greene County,Rockbridge township,,64824
Greene County,White Hall township,,81269
Johnson County,Belknap precinct,,90346
Alexander County,Cache precinct,,90576
Johnson County,Cache precinct,,90594
Johnson County,Goreville No. 2 precinct,,91458
Johnson County,Tunnel Hill precinct,,93456
Whiteside County,Erie township,,24387
Whiteside County,Lyndon township,,45291
Shelby County,Penn township,,58590
Stark County,Penn township,,58603
Stark County,West Jersey township,,80489
Vermilion County,Blount township,,06678
Vermilion County,Butler township,,10162
Vermilion County,Carroll township,,11449
Vermilion County,Catlin township,,11787
Whiteside County,Newton township,,52857
Whiteside County,Portland township,,61262
Union County,Dongola District 1 precinct,,90972
Washington County,Ashley township,,02544
Washington County,Beaucoup township,,04442
Washington County,Bolo township,,07172
Washington County,Du Bois township,,20877
Washington County,Irvington township,,37790
Livingston County,Avoca township,,03194
Livingston County,Belle Prairie township,,04780
Livingston County,Broughton township,,08888
Livingston County,Charlotte township,,12606
Livingston County,Chatsworth township,,12723
Livingston County,Dwight township,,21371
Henry County,Galva township,,28443
Randolph County,Bremen precinct,,90504
Randolph County,Chester precinct,,90738
Randolph County,Evansville precinct,,91206
Randolph County,Prairie du Rocher precinct,,92520
Randolph County,Red Bud precinct,,92970
Randolph County,Ruma precinct,,93060
Randolph County,Sparta precinct,,93222
Vermilion County,Danville township,,18576
Vermilion County,Georgetown township,,28976
Lake County,Grant township,,30952
Vermilion County,Grant township,,30965
Washington County,Johannisburg township,,38453
Washington County,Lively Grove township,,44108
Washington County,Nashville township,,51713
Washington County,Pilot Knob township,,59858
Washington County,Plum Hill township,,60807
Boone County,LeRoy township,,42951
Boone County,Manchester township,,46318
Boone County,Poplar Grove township,,61158
Vermilion County,Love township,,44953
Vermilion County,McKendree township,,45772
Vermilion County,Middlefork township,,48775
Washington County,Richview township,,63732
Livingston County,Eppards Point township,,24309
Livingston County,Esmen township,,24426
Boone County,Spring township,,71578
Carroll County,Cherry Grove-Shannon township,,12996
Carroll County,Fairhaven township,,24881
Livingston County,Fayette township,,25700
Livingston County,Forrest township,,27039
Livingston County,Indian Grove township,,37244
Livingston County,Long Point township,,44589
Livingston County,Nevada township,,52077
Livingston County,Newtown township,,52883
Livingston County,Odell township,,55184
Carroll County,Mount Carroll township,,50894
Clark County,Casey township,,11631
White County,Emma township,,24088
White County,Hawthorne township,,33591
White County,Mill Shoals township,,49360
Carroll County,Rock Creek-Lima township,,64892
Marion County,Salem township,,67249
Carroll County,Salem township,,67210
Knox County,Salem township,,67223
Carroll County,Savanna township,,67834
Carroll County,Washington township,,79020
Will County,Washington township,,79059
Tazewell County,Washington township,,79046
Clark County,York township,,83934
DuPage County,York township,,83947
Carroll County,York township,,83908
Vermilion County,Newell township,,52454
Vermilion County,Oakwood township,,55015
Vermilion County,Pilot township,,59832
Kankakee County,Pilot township,,59819
Livingston County,Owego township,,57056
Livingston County,Pike township,,59780
Livingston County,Pleasant Ridge township,,60612
Livingston County,Pontiac township,,61028
Livingston County,Reading township,,63017
Livingston County,Round Grove township,,65988
Henry County,Andover township,,01504
Henry County,Western township,,80190
Vermilion County,Sidell township,,69849
Vermilion County,South Ross township,,71227
Fayette County,Bowling Green township,,07562
Fayette County,Kaskaskia township,,39116
Fayette County,Sharon township,,69017
Livingston County,Saunemin township,,67808
Moultrie County,Sullivan township,,73508
Livingston County,Sullivan township,,73482
Effingham County,Union township,,76654
Cumberland County,Union township,,76641
Livingston County,Union township,,76680
Fulton County,Union township,,76667
Union County,Balcom precinct,,90288
Union County,Cobden District 1 precinct,,90756
Hardin County,Cave-In-Rock precinct,,90666
Hardin County,McFarlan precinct,,91998
Hardin County,Monroe precinct,,92170
Union County,Cobden District 2 precinct,,90774
Union County,Dongola District 2 precinct,,90990
Vermilion County,Vance township,,77304
Knox County,Cedar township,,11891
Knox County,Chestnut township,,13217
Knox County,Copley township,,16275
Knox County,Elba township,,22879
Knox County,Haw Creek township,,33552
Knox County,Indian Point township,,37361
Knox County,Knox township,,40403
Knox County,Maquon township,,46708
Saline County,Brushy township,,09122
Saline County,Cottage township,,16535
Macon County,South Macon township,,70967
Hardin County,Stone Church precinct,,93276
Knox County,Ontario township,,56172
Knox County,Persifer township,,59221
Knox County,Rio township,,64161
Marion County,Salem township,,67249
Carroll County,Salem township,,67210
Knox County,Salem township,,67223
Knox County,Sparta township,,71435
Jackson County,Bradley township,,07731
Union County,Lick Creek precinct,,91872
Union County,Mill Creek precinct,,92142
Union County,Stokes precinct,,93258
Boone County,Belvidere township,,05105
Clinton County,Clement township,,14884
Boone County,Bonus township,,07302
Boone County,Boone township,,07328
Boone County,Caledonia township,,10435
Vermilion County,Jamaica township,,38180
McDonough County,Bethel township,,05638
Knox County,Truro township,,76303
Knox County,Victoria township,,77824
White County,Carmi township,,11306
Jersey County,Elsah township,,23789
Jackson County,De Soto township,,19629
Jackson County,Fountain Bluff township,,27260
Jackson County,Kinkaid township,,40104
McDonough County,Bushnell township,,10123
McDonough County,Colchester township,,15391
McDonough County,Eldorado township,,22996
Mason County,Lynchburg township,,45265
McDonough County,Hire township,,35333
McDonough County,Industry township,,37452
Menard County,Sugar Grove No. 5 precinct,,93312
Champaign County,Brown township,,08914
Bond County,Lagrange township,,40741
Bond County,Old Ripley township,,55730
Bond County,Tamalco township,,74418
Henry County,Alba township,,00503
Henry County,Annawan township,,01582
Henry County,Atkinson township,,02739
Henry County,Burns township,,09824
Henry County,Clover township,,15040
Henry County,Colona township,,15677
Henry County,Cornwall township,,16444
Henry County,Edford township,,22476
Henry County,Geneseo township,,28859
Henry County,Hanna township,,32642
Henry County,Kewanee township,,39740
Henry County,Loraine township,,44732
De Witt County,Clintonia township,,15014
De Witt County,Creek township,,17302
Edwards County,Shelby No. 2 precinct,,93156
De Witt County,Harp township,,33058
Henry County,Lynn township,,45304
Knox County,Lynn township,,45330
Henry County,Munson township,,51388
Henry County,Osco township,,56809
Henry County,Oxford township,,57108
Henry County,Phenix township,,59462
Henry County,Weller township,,79722
Henry County,Wethersfield township,,80983
Henry County,Yorktown township,,84012
Will County,Plainfield township,,60300
Will County,Reed township,,63108
Will County,Troy township,,76212
Carroll County,Washington township,,79020
Will County,Washington township,,79059
Tazewell County,Washington township,,79046
Will County,Wesley township,,79865
Hancock County,Dallas City township,,18433
Hancock County,Nauvoo township,,51804
De Witt County,Texas township,,74769
De Witt County,Tunbridge township,,76342
De Witt County,Wapella township,,78786
Hancock County,Pilot Grove township,,59845
Hancock County,Pontoosuc township,,61093
Brown County,Cooperstown township,,16262
De Witt County,Wilson township,,82140
Jo Daviess County,Stockton township,,72793
Clinton County,Carlyle township,,11241
Clinton County,Lake township,,40871
Iroquois County,Ash Grove township,,02453
Shelby County,Ash Grove township,,02466
Peoria County,Kickapoo township,,39818
Peoria County,Medina township,,48099
Alexander County,Cairo precinct,,90612
Alexander County,Tamms precinct,,93402
DeKalb County,Squaw Grove township,,72182
Macon County,Austin township,,03051
Bureau County,Wheatland township,,81009
Will County,Wheatland township,,81035
Fayette County,Wheatland township,,81022
Will County,Wilmington township,,82114
Coles County,Charleston township,,12580
Coles County,Hutton township,,36880
Massac County,Adkins precinct,,90018
Massac County,East Brooklyn precinct,,91026
Marshall County,Bennington township,,05235
Grundy County,Aux Sable township,,03090
Shelby County,Pickaway township,,59663
Lake County,Benton township,,05326
Franklin County,Benton township,,05313
Franklin County,Denning township,,19421
Franklin County,Tyrone township,,76576
Massac County,Grant precinct,,91494
Massac County,Hillerman precinct,,91638
Richland County,German township,,29028
Richland County,Madison township,,46006
Richland County,Preston township,,61847
Winnebago County,Seward township,,68783
Kendall County,Seward township,,68757
Union County,Anna District 5 precinct,,90198
Winnebago County,Shirland township,,69615
Marshall County,Hopewell township,,36152
Grundy County,Braceville township,,07653
Grundy County,Erienna township,,24400
Grundy County,Felix township,,25778
Grundy County,Garfield township,,28677
Shelby County,Windsor township,,82335
Massac County,Jackson precinct,,91692
Massac County,Metropolis No. 2 precinct,,92088
Massac County,Metropolis No. 3 precinct,,92106
Massac County,West Brooklyn precinct,,93672
Boone County,Flora township,,26441
Wayne County,Barnhill township,,03753
Hancock County,Rock Creek township,,64876
Hancock County,St. Mary township,,67054
Grundy County,Goodfarm township,,30432
Grundy County,Greenfield township,,31381
Grundy County,Highland township,,34657
Cook County,Maine township,,46162
Grundy County,Maine township,,46175
Marshall County,Henry township,,34176
Wayne County,Bedford township,,04559
Wayne County,Berry township,,05521
Grundy County,Mazon township,,47800
Morgan County,Franklin precinct,,91278
Massac County,Franklin precinct,,91260
Menard County,Indian Creek No. 7 precinct,,91656
Hancock County,Sonora township,,70499
Crawford County,Hutsonville township,,36854
Crawford County,Lamotte township,,41833
Woodford County,Montgomery township,,50231
Crawford County,Montgomery township,,50205
Crawford County,Robinson township,,64720
Crawford County,Southwest township,,71344
Grundy County,Wauponsee township,,79345
Grundy County,Morris township,,50504
Grundy County,Nettle Creek township,,52038
Wayne County,Four Mile township,,27364
Wayne County,Garden Hill township,,28534
Wayne County,Grover township,,31953
Wayne County,Hickory Hill township,,34501
Grundy County,Norman township,,53286
Grundy County,Vienna township,,77850
Wayne County,Indian Prairie township,,37387
Marshall County,Steuben township,,72585
Greene County,Athensville township,,02700
Wayne County,Jasper township,,38258
Wayne County,Keith township,,39285
Greene County,Bluffdale township,,06860
Greene County,Linder township,,43809
Menard County,Irish Grove No. 4 precinct,,91674
Wayne County,Lamard township,,41755
Wayne County,Massilon township,,47501
Menard County,Petersburg West No. 16 precinct,,92441
Massac County,Lincoln precinct,,91908
Mercer County,Eliza township,,23152
Woodford County,Greene township,,31355
Mercer County,Greene township,,31342
Woodford County,Palestine township,,57290
Woodford County,Panola township,,57537
Woodford County,Partridge township,,58018
Woodford County,Spring Bay township,,71611
Cook County,Worth township,,83531
Woodford County,Worth township,,83544
St. Clair County,St. Clair township,,66729
Wayne County,Mount Erie township,,50946
Wayne County,Orchard township,,56367
Wayne County,Orel township,,56510
Woodford County,Roanoke township,,64603
Wayne County,Arrington township,,02297
Calhoun County,Point precinct,,92502
Clinton County,Meridian township,,48476
Stark County,Valley township,,77174
Bureau County,Gold township,,30146
Stephenson County,Freeport township,,27897
Stephenson County,Winslow township,,82556
Lawrence County,Bond township,,07198
Lawrence County,Denison township,,19395
Lawrence County,Lawrence township,,42379
Lawrence County,Petty township,,59377
Stephenson County,Buckeye township,,09226
Stephenson County,Loran township,,44758
Fulton County,Astoria township,,02648
Effingham County,Banner township,,03558
Fulton County,Banner township,,03584
Fulton County,Bernadotte township,,05469
Fulton County,Buckheart township,,09265
Lee County,Ashton township,,02596
Stephenson County,Rock Run township,,65143
Fulton County,Canton township,,11020
Fulton County,Ellisville township,,23542
Fulton County,Fairview township,,25076
Fulton County,Farmers township,,25427
Fulton County,Joshua township,,38713
Lee County,Franklin Grove township,,27695
Lee County,Dixon township,,20175
Lee County,East Grove township,,21865
Lee County,Hamilton township,,32447
Ogle County,Marion township,,46903
Lee County,Marion township,,46890
Christian County,May township,,47631
Lee County,May township,,47644
Madison County,Godfrey village,,30094
Lee County,Nelson township,,51960
Lee County,Palmyra township,,57316
Lee County,South Dixon township,,70694
Lee County,Sublette township,,73300
Lee County,Viola township,,78110
Lee County,Willow Creek township,,81971
Will County,Will township,,81711
Winnebago County,Seward township,,68783
Kendall County,Seward township,,68757
Will County,Peotone township,,59065
Gallatin County,Bowlesville township,,07536
Winnebago County,Roscoe township,,65624
Winnebago County,Burritt township,,09915
Winnebago County,Cherry Valley township,,13087
Wabash County,Coffee precinct,,90792
Wabash County,Lancaster precinct,,91854
Winnebago County,Durand township,,21293
Winnebago County,Harlem township,,32928
Stephenson County,Harlem township,,32902
Winnebago County,Harrison township,,33188
Winnebago County,Laona township,,42054
Winnebago County,Owen township,,57069
Winnebago County,Rockford township,,65013
Winnebago County,Rockton township,,65169
Winnebago County,Winnebago township,,82504
Jo Daviess County,Apple River township,,01686
Jo Daviess County,Berreman township,,05495
Stephenson County,Dakota township,,18355
Stephenson County,Erin township,,24413
Will County,Florence township,,26519
Stephenson County,Florence township,,26506
Menard County,Fancy Prairie No. 3 precinct,,91242
Union County,Jonesboro District 2 precinct,,91782
Union County,Anna District 4 precinct,,90180
Jo Daviess County,Council Hill township,,16639
Jo Daviess County,Derinda township,,19551
Jo Daviess County,Dunleith township,,21202
Jo Daviess County,Elizabeth township,,23178
Jo Daviess County,Guilford township,,31979
Jo Daviess County,Hanover township,,32720
Cook County,Hanover township,,32694
Winnebago County,Harlem township,,32928
Stephenson County,Harlem township,,32902
Stephenson County,Jefferson township,,38284
Stephenson County,Kent township,,39610
Stephenson County,Oneco township,,56120
Stephenson County,Rock Grove township,,65065
Union County,Jonesboro District 3 precinct,,91792
Union County,Anna District 7 precinct,,90224
Stephenson County,Waddams township,,78318
Stephenson County,West Point township,,80788
Piatt County,Bement township,,05157
Wabash County,Friendsville precinct,,91314
Wabash County,Mount Carmel precinct,,92214
McLean County,Normal township,,53247
Macoupin County,Nilwood township,,53052
Wabash County,Wabash precinct,,93582
Wabash County,Compton precinct,,90810
Piatt County,Goose Creek township,,30523
Piatt County,Monticello township,,50257
Piatt County,Sangamon township,,67587
Piatt County,Willow Branch township,,81906
Henderson County,Carman township,,11280
Henderson County,Gladstone township,,29444
Henderson County,Lomax township,,44394
Richland County,Bonpas township,,07289
Richland County,Olney township,,55925
De Witt County,Santa Anna township,,67639
Henderson County,Media township,,48086
Henderson County,Oquawka township,,56250
Henderson County,Stronghurst township,,73274
Henry County,Lynn township,,45304
Knox County,Lynn township,,45330
Brown County,Ripley township,,64187
De Witt County,Barnett township,,03714
De Witt County,De Witt township,,19785
De Witt County,Rutledge township,,66469
Ogle County,Pine Creek township,,59897
Henderson County,Terre Haute township,,74730
Rock Island County,Edgington township,,22632
Henry County,Cambridge township,,10656
Madison County,Alhambra township,,00750
Madison County,Fort Russell township,,27130
Madison County,Hamel township,,32421
Madison County,Marine township,,46877
Madison County,New Douglas township,,52428
Lee County,Reynolds township,,63407
Madison County,Olive township,,55834
Madison County,Pin Oak township,,60014
Madison County,St. Jacob township,,66872
Madison County,Wood River township,,83284
McLean County,Bellflower township,,04910
McLean County,Dale township,,18381
McLean County,Downs township,,20656
Madison County,Leef township,,42652
Edgar County,Symmes township,,74288
Adams County,Burton township,,10019
McHenry County,Burton township,,10032
McHenry County,Coral township,,16314
McHenry County,Hartland township,,33305
Kane County,Aurora township,,03025
Kane County,St. Charles township,,66716
Winnebago County,Pecatonica township,,58421
Johnson County,Lake No. 1 precinct,,91840
Johnson County,Vienna No. 2 precinct,,93546
Johnson County,Lake No. 2 precinct,,91842
Kendall County,Big Grove township,,05872
Kendall County,Bristol township,,08368
Kendall County,Fox township,,27416
Jasper County,Fox township,,27390
Kendall County,Little Rock township,,44043
Scott County,Bloomfield precinct,,90468
Johnson County,Bloomfield precinct,,90450
Kendall County,Na-Au-Say township,,51531
Peoria County,West Peoria city,,80736
Kankakee County,Rockville township,,65195
Morgan County,South Jacksonville No. 1 precinct,,93206
Brown County,Buckhorn township,,09291
Brown County,Elkhorn township,,23308
Johnson County,Burnside precinct,,90558
Johnson County,Elvira precinct,,91188
Johnson County,Goreville No. 1 precinct,,91440
Johnson County,Grantsburg No. 1 precinct,,91512
Kankakee County,Pembroke township,,58538
Vermilion County,Pilot township,,59832
Kankakee County,Pilot township,,59819
Kankakee County,St. Anne township,,66651
Warren County,Sumner township,,73716
Kankakee County,Sumner township,,73690
Johnson County,Grantsburg No. 2 precinct,,91530
Johnson County,Ozark precinct,,92340
Fulton County,Kerton township,,39714
Brown County,Lee township,,42561
Fulton County,Lee township,,42574
Fulton County,Lewistown township,,43068
Johnson County,Simpson precinct,,93168
Johnson County,Vienna No. 1 precinct,,93528
Johnson County,Vienna No. 3 precinct,,93552
Fulton County,Liverpool township,,44134
McLean County,Allin township,,00893
McLean County,Anchor township,,01374
McLean County,Arrowsmith township,,02369
Kankakee County,Aroma township,,02245
Kankakee County,Bourbonnais township,,07484
Clay County,Harter township,,33266
Clay County,Hoosier township,,36087
Clay County,Larkinsburg township,,42158
Fulton County,Orion township,,56588
Fulton County,Pleasant township,,60430
Fulton County,Putman township,,62276
Morgan County,South Jacksonville No. 3 precinct,,93210
Morgan County,South Jacksonville No. 2 precinct,,93208
Effingham County,Union township,,76654
Cumberland County,Union township,,76641
Livingston County,Union township,,76680
Fulton County,Union township,,76667
Warren County,Coldbrook township,,15404
Warren County,Ellison township,,23516
Warren County,Floyd township,,26610
DeKalb County,Victor township,,77798
Warren County,Greenbush township,,31277
Morgan County,Murrayville precinct,,92232
Clark County,Anderson township,,01465
Effingham County,Douglas township,,20474
Clark County,Douglas township,,20461
Iroquois County,Douglas township,,20487
Schuyler County,Oakland township,,54794
Iroquois County,Ashkum township,,02492
Iroquois County,Belmont township,,05014
Iroquois County,Middleport township,,48814
Iroquois County,Prairie Green township,,61665
Warren County,Kelly township,,39396
Warren County,Lenox township,,42847
Warren County,Monmouth township,,50023
Fulton County,Vermont township,,77655
Knox County,Orange township,,56315
Clark County,Orange township,,56302
Lee County,Alto township,,01101
Cass County,Bluff Springs township,,06938
Monroe County,Precinct 2,,92555
Monroe County,Precinct 3,,92560
Iroquois County,Artesia township,,02401
Iroquois County,Beaver township,,04455
Warren County,Swan township,,74093
Carroll County,Woodland township,,83076
Fulton County,Woodland township,,83089
Fulton County,Young Hickory township,,84077
Marion County,Kinmundy township,,40130
Monroe County,Precinct 4,,92565
Monroe County,Precinct 5,,92570
Marion County,Odin township,,55223
Monroe County,Precinct 7,,92580
Monroe County,Precinct 8,,92585
Monroe County,Precinct 9,,92590
Warren County,Roseville township,,65858
Iroquois County,Beaverville township,,04520
Iroquois County,Crescent township,,17367
Effingham County,Douglas township,,20474
Clark County,Douglas township,,20461
Iroquois County,Douglas township,,20487
Iroquois County,Fountain Creek township,,27286
Marion County,Omega township,,56055
Marion County,Sandoval township,,67457
Marion County,Patoka township,,58070
Marion County,Alma township,,00932
Carroll County,Elkhorn Grove township,,23321
Monroe County,Precinct 13,,92610
Monroe County,Precinct 16,,92625
Monroe County,Precinct 17,,92630
Monroe County,Precinct 18,,92635
Monroe County,Precinct 19,,92640
Iroquois County,Iroquois township,,37725
Iroquois County,Loda township,,44277
Iroquois County,Lovejoy township,,44979
Iroquois County,Milford township,,49061
Monroe County,Precinct 11,,92600
Monroe County,Precinct 14,,92615
Monroe County,Precinct 24,,92665
Monroe County,Precinct 27,,92680
Monroe County,Precinct 20,,92645
Monroe County,Precinct 23,,92660
Monroe County,Precinct 25,,92670
Monroe County,Precinct 26,,92675
Monroe County,Precinct 29,,92690
Monroe County,Precinct 30,,92695
Cook County,Barrington township,,03831
Cook County,Berwyn township,,05586
Macoupin County,Staunton township,,72416
Adams County,Clayton township,,14780
Woodford County,Clayton township,,14793
Iroquois County,Milks Grove township,,49074
Iroquois County,Onarga township,,56094
Iroquois County,Papineau township,,57589
Iroquois County,Pigeon Grove township,,59767
Iroquois County,Ridgeland township,,63901
Alexander County,McClure precinct,,91980
Alexander County,Olive Branch precinct,,92304
Alexander County,Sandusky precinct,,93114
Iroquois County,Sheldon township,,69225
Tazewell County,Boynton township,,07627
Pike County,Cincinnati township,,14390
Tazewell County,Cincinnati township,,14403
Tazewell County,Deer Creek township,,18953
Whiteside County,Genesee township,,28833
Whiteside County,Hahnaman township,,32174
Whiteside County,Hopkins township,,36178
Whiteside County,Hume township,,36581
Tazewell County,Delavan township,,19239
Tazewell County,Elm Grove township,,23607
Tazewell County,Fondulac township,,26636
Whiteside County,Montmorency township,,50270
Monroe County,Precinct 31,,92700
Monroe County,Precinct 32,,92705
Monroe County,Precinct 33,,92710
Monroe County,Precinct 34,,92715
Monroe County,Precinct 35,,92720
Monroe County,Precinct 36,,92725
Cook County,Calumet township,,10474
Cook County,Cicero township,,14364
Cook County,Lemont township,,42808
Cook County,New Trier township,,52909
White County,Enfield township,,24192
White County,Heralds Prairie township,,34228
Jersey County,Richwood township,,63745
Jersey County,Jersey township,,38401
Jersey County,Mississippi township,,49672
Jersey County,Otter Creek township,,56952
La Salle County,Otter Creek township,,56965
Jersey County,Piasa township,,59598
Jersey County,Quarry township,,62354
Jersey County,Rosedale township,,65689
Jackson County,Levan township,,42990
Jackson County,Murphysboro township,,51466
Monroe County,Precinct 21,,92650
Jackson County,Sand Ridge township,,67522
La Salle County,Groveland township,,31914
Tazewell County,Groveland township,,31940
Tazewell County,Hittle township,,35359
Tazewell County,Mackinaw township,,45792
Bureau County,Manlius township,,46435
La Salle County,Manlius township,,46448
Tazewell County,Malone township,,46266
Tazewell County,Morton township,,50634
Tazewell County,Pekin township,,58460
Livingston County,Rooks Creek township,,65520
Mason County,Bath township,,04169
Jackson County,Vergennes township,,77538
Jackson County,Grand Tower township,,30783
Jackson County,Pomona township,,60963
Hamilton County,Crook township,,17627
Hamilton County,Knight Prairie township,,40299
Monroe County,Precinct 15,,92620
Monroe County,Precinct 22,,92655
Lake County,County subdivisions not defined,,00000
Cook County,County subdivisions not defined,,00000
Cook County,Bremen township,,07939
Jo Daviess County,Hanover township,,32720
Cook County,Hanover township,,32694
Cook County,Niles township,,53013
Cook County,Proviso township,,62133
Cook County,Thornton township,,75198
Cook County,Northfield township,,53676
Cook County,Norwood Park township,,54430
Cook County,Oak Park township,,54898
Cook County,Orland township,,56614
Fayette County,Hurricane township,,36802
Fayette County,La Clede township,,40533
Fayette County,Lone Grove township,,44459
Fayette County,Otego township,,56913
Fayette County,Shafter township,,68926
Bureau County,Wheatland township,,81009
Will County,Wheatland township,,81035
Fayette County,Wheatland township,,81022
Fayette County,Wilberton township,,81568
Jackson County,Somerset township,,70408
Tazewell County,Spring Lake township,,72130
Tazewell County,Tremont township,,75978
Carroll County,Washington township,,79020
Will County,Washington township,,79059
Tazewell County,Washington township,,79046
Stark County,Toulon township,,75796
Cook County,Palatine township,,57238
Cook County,Palos township,,57355
Adams County,Riverside township,,64408
Cook County,Riverside township,,64434
Cook County,Schaumburg township,,68016
Macoupin County,Bunker Hill township,,09590
Macoupin County,Brighton township,,08277
Whiteside County,Albany township,,00529
Fayette County,Ramsey township,,62640
Fayette County,Sefton township,,68549
Washington County,Okawville township,,55483
Washington County,Oakdale township,,54599
Whiteside County,Coloma township,,15651
Whiteside County,Fenton township,,25817
Whiteside County,Fulton township,,28157
Whiteside County,Garden Plain township,,28586
La Salle County,Allen township,,00763
La Salle County,Brookfield township,,08583
La Salle County,Dayton township,,18784
Cook County,Lyons township,,45447
Cook County,Wheeling township,,81100
Macoupin County,Bird township,,06067
Macoupin County,Brushy Mound township,,09135
Kendall County,Fox township,,27416
Jasper County,Fox township,,27390
La Salle County,Dimmick township,,19980
La Salle County,Eagle township,,21436
La Salle County,Earl township,,21527
La Salle County,Eden township,,22424
La Salle County,Fall River township,,25284
La Salle County,Farm Ridge township,,25583
La Salle County,Grand Rapids township,,30744
Macoupin County,Carlinville township,,11209
Macoupin County,Girard township,,29405
Macoupin County,Hillyard township,,35242
Macoupin County,Honey Point township,,35996
Whiteside County,Ustick township,,77070
Jackson County,Elk township,,23217
Mason County,Allens Grove township,,00844
La Salle County,Hope township,,36100
La Salle County,LaSalle township,,42197
Bureau County,Manlius township,,46435
La Salle County,Manlius township,,46448
La Salle County,Mendota township,,48346
La Salle County,Meriden township,,48463
La Salle County,Miller township,,49204
Macoupin County,Mount Olive township,,51037
Macoupin County,North Otter township,,54040
Mason County,Forest City township,,26766
Mason County,Havana township,,33526
Mason County,Manito township,,46396
Mason County,Pennsylvania township,,58629
Mason County,Quiver township,,62419
Macoupin County,North Palmyra township,,54053
Macoupin County,Polk township,,60924
La Salle County,Mission township,,49646
La Salle County,Northville township,,54248
La Salle County,Osage township,,56731
La Salle County,Ottawa township,,56939
Jersey County,Otter Creek township,,56952
La Salle County,Otter Creek township,,56965
Macoupin County,Scottville township,,68419
Macoupin County,Shaws Point township,,69121
Macoupin County,Shipman township,,69576
Macoupin County,Virden township,,78162
Mercer County,Abington township,,00126
Macoupin County,Western Mound township,,80229
Whiteside County,Prophetstown township,,61990
Whiteside County,Sterling township,,72553
Whiteside County,Tampico township,,74483
Whiteside County,Union Grove township,,76758
Lake County,Moraine township,,50364
Jo Daviess County,Warren township,,78864
Lake County,Warren township,,78877
Lake County,Zion township,,84233
St. Clair County,Centreville township,,12210
St. Clair County,Shiloh Valley township,,69550
St. Clair County,Stookey township,,72988
St. Clair County,Millstadt township,,49399
Morgan County,Lynnville-Markham precinct,,91965
Morgan County,Meredosia precinct,,92041
Morgan County,Chapin-Concord precinct,,90725
