NAMELSAD,COUSUBFP
Prairie township,61522
Richland township,63615
Ridge township,63836
Rose township,65637
Rural township,66313
Oblong township,55119
Prairie township,61470
Martin township,47202
Shelbyville township,69199
Sigel township,69927
Tower Hill township,75861
Marrowbone township,47124
Precinct 12,92605
Lovington township,45057
Peoria City township,59013
Whitley township,81451
Auburn township,02928
Ball township,03506
Buffalo Hart township,09486
Capital township,11046
Cartwright township,11579
Chatham township,12697
Cooper township,16223
Lanesville township,41976
Divernon township,20058
Island Grove township,37881
Loami township,44186
Maxwell township,47618
Mechanicsburg township,48034
New Berlin township,52181
Springfield township,72013
Talkington township,74340
Williams township,81776
Woodside township,83310
Illiopolis township,37140
Rochester township,64772
Point Pleasant township,60898
Sumner township,73716
Tompkins township,75692
Bishop township,06145
Douglas township,20474
Jackson township,38063
Lucas township,45161
Mason township,47462
Moccasin township,49763
Mound township,50725
St. Francis township,66807
Summit township,73651
Teutopolis township,74756
Union township,76654
Watson township,79254
Kansas township,39012
Liberty township,43159
Clyde township,15144
Jordan township,38700
Chandlerville township,12463
Sangamon Valley township,67600
Santa Fe township,67652
Cass township,11696
Stockland township,72773
Crooked Creek township,17653
Roodhouse township,65494
Durham township,21306
Rubicon township,66235
Canteen township,10968
Engelmann township,24205
Freeburg township,27819
Lebanon township,42509
Wrights township,83583
Marissa township,46968
Washington precinct,93618
Lee township,42561
Missouri township,49685
Mount Sterling township,51167
Darwin township,18680
Mercer township,48398
Millersburg township,49256
New Boston township,52233
Ohio Grove township,55405
Perryton township,59182
Preemption township,61795
Pea Ridge township,58330
Versailles township,77733
Berwick township,05560
Dolson township,20279
Johnson township,38505
Marshall township,47176
Martinsville township,47267
Bear Creek township,04338
Hancock township,32629
Prairie township,61496
St. Albans township,66612
Walker township,78422
Wythe township,83713
La Harpe township,40845
Walsh precinct,93600
Frankfort township,27611
Humboldt township,36555
Lafayette township,40637
Mattoon township,47566
North Okaw township,54014
Brenton township,07978
New Athens township,52129
Prairie Du Long township,61600
Lenzburg township,42873
East St. Louis township,22268
Button township,10214
Dix township,20110
Mona township,49919
Patton township,58122
Metropolis No. 4 precinct,92124
Bell Plain township,04949
Carbondale township,11170
Degognia township,19148
Makanda township,46227
Barren township,03818
Rivoli township,64551
Suez township,73339
Richland Grove township,63628
St. Rose township,67171
Shields township,69485
Wauconda township,79280
Waukegan township,79306
West Deerfield township,80112
County subdivisions not defined,00000
Fremont township,27923
Louisville township,44940
Paradise township,57615
Melrose township,48229
Parker township,57667
Wabash township,78279
York township,83934
Seven Hickory township,68718
Bone Gap precinct,90486
Ellery precinct,91152
Salem No. 2 precinct,93084
Peach Orchard township,58317
Pella township,58512
Rogers township,65273
Sullivant township,73521
Wall township,78474
Ewing township,24686
Six Mile township,70070
Cave township,11813
Antioch township,01608
Avon township,03220
Cuba township,18004
Grant township,30952
Ruyle township,66482
Kendall township,39454
Oswego township,56900
Breese township,07926
Brookside township,08732
East Fork township,21748
Irishtown township,37673
Salina township,67262
Yellowhead township,83856
Grisham township,31836
Harvel township,33370
Assumption township,02622
Bear Creek township,04325
Lake Villa township,41599
Buckhart township,09239
Greenwood township,31641
Athens North No. 2 precinct,90256
Athens South No. 1 precinct,90262
Libertyville township,43263
Newport township,52753
Browning township,08940
Wade township,78344
Wheatfield township,80996
Germantown township,29054
Looking Glass township,44667
Carrollton township,11475
Patterson township,58096
Woodville township,83401
Dixon precinct,90954
Shelby No. 1 precinct,93153
Hillsboro township,35060
Pitman township,60183
South Litchfield township,70928
Walshville township,78669
Benton township,05326
Ela township,22853
Johnson township,38492
Mosquito township,50686
Pana township,57485
Prairieton township,61730
Ricks township,63797
Atterberry No. 10 precinct,90270
Atlanta township,02765
Broadwell township,08485
Arispie township,02076
Berlin township,05430
Bureau township,09668
Clarion township,14598
Witt township,82738
Zanesville township,84129
Bois D'Arc township,07107
Irving township,37751
Rountree township,66092
Eddyville No. 6 precinct,91116
Beaver Creek township,04481
Du Quoin No. 3 precinct,91012
Du Quoin No. 4 precinct,91013
Du Quoin No. 5 precinct,91014
Du Quoin No. 6 precinct,91015
Drummer township,20799
Chester township,13126
Corwin township,16496
Eminence township,24049
Laenna township,40624
Rosamond township,65598
South Fork township,70798
Taylorville township,74587
King township,39948
Petersburg East No. 13 precinct,92433
Petersburg North No. 14 precinct,92436
Cazenovia township,11878
Concord township,16028
Dover township,20539
Greenville township,31602
Petersburg South No. 15 precinct,92439
Rock Creek No. 12 precinct,93024
Alton township,01127
Edwardsville township,22710
Granite City township,30939
Jarvis township,38245
Golconda No. 1 precinct,91386
Golconda No. 3 precinct,91422
Webster No. 5 precinct,93654
Greene township,31355
Linn township,43835
Metamora township,48619
Minonk township,49581
Montgomery township,50231
Olio township,55821
Pinckneyville No. 3 precinct,92470
Du Quoin No. 7 precinct,91016
McLeansboro township,45837
South Crouch township,70655
Du Quoin No. 9 precinct,91018
Du Quoin No. 10 precinct,91019
Du Quoin No. 11 precinct,91020
Appanoose township,01621
Albion No. 1 precinct,90039
Albion No. 2 precinct,90041
Albion No. 3 precinct,90044
Lake Fork township,41144
Mount Pulaski township,51141
Sheridan township,69290
Indiantown township,37413
La Moille township,41807
Leepertown township,42665
Milo township,49438
Augusta township,02999
Chili township,14104
Du Quoin No. 1 precinct,91010
Swanwick precinct,93348
Willisville precinct,93762
Du Quoin No. 12 precinct,91021
Princeton township,61912
South Twigg township,71305
Twigg township,76472
Pinckneyville No. 1 precinct,92468
Pinckneyville No. 2 precinct,92469
Plato township,60365
Rutland township,66430
Sugar Grove township,73404
Virgil township,78188
Mineral township,49529
Neponset township,52012
Ohio township,55392
Selby township,68562
Dora township,20344
Pinckneyville No. 4 precinct,92471
Pinckneyville No. 5 precinct,92472
Pinckneyville No. 6 precinct,92473
Pinckneyville No. 7 precinct,92474
East Nelson township,22099
Jonathan Creek township,38609
Walnut township,78539
Westfield township,80268
Wheatland township,81009
Wyanet township,83635
Audubon township,02960
East Fork township,21761
Tamaroa No. 2 precinct,93386
Ridott township,64057
Biggsville township,05911
Raritan township,62861
Hallock township,32304
East Lincoln township,21982
Hurlbut township,36789
Oran township,56289
Georges Creek precinct,91332
Algonquin township,00698
Lamoine township,41820
Mound township,50738
New Salem township,52792
Atlas township,02791
Barry township,03974
Prairie City township,61561
Chambersburg township,12359
Sciota township,68211
Tennessee township,74678
Waldo township,78409
Mounds precinct,92196
Walnut Grove township,78591
Blue Mound township,06743
Chenoa township,12944
Cincinnati township,14390
Derry township,19577
Detroit township,19694
Fairmount township,24972
Griggsville township,31784
Hadley township,32070
Cropsey township,17705
Danvers township,18550
Dawson township,18732
Mulberry Grove township,51297
Shoal Creek township,69641
Lisle township,43952
Milton township,49451
North Henderson township,53806
Wayne township,79410
York township,83947
Banner township,03558
West township,79891
Lacon township,40572
Golconda No. 2 precinct,91404
Jefferson No. 4 precinct,91746
Eastern township,21735
Goode township,30406
Northern township,53637
Browns precinct,90540
French Creek precinct,91296
Salem No. 1 precinct,93081
Dry Grove township,20838
Funks Grove township,28209
Hardin township,32863
Kinderhook township,39935
Newburg township,52259
New Salem township,52818
Pearl township,58356
Perry township,59169
Taylor township,74535
Clarksburg township,14637
Penn township,58590
Todds Point township,75588
Gridley township,31745
Lawndale township,42353
Lexington township,43107
Grandville township,30887
Grove township,31888
Hunt City township,36659
Roberts township,64668
North Muddy township,54001
Ste. Marie township,66803
Du Page township,21241
Manhattan township,46370
Beverly township,05742
Burton township,10019
Tallula No. 11 precinct,93366
Claremont township,14546
Decker township,18862
Denver township,19486
Noble township,53156
Camp Point township,10890
Kansas township,38999
Flint township,26415
Nixon township,53117
Waynesville township,79462
Duncan township,20968
Martin township,47215
Money Creek township,49971
Mount Hope township,50972
Old Town township,55782
South Muddy township,71084
Wade township,78357
Keithsburg township,39311
Willow Hill township,82023
Asbury township,02427
New Haven township,52519
Buena Vista township,09395
Woodstock township,83362
Columbus township,15859
Concord township,16015
Unity township,76888
Granville township,31030
Hennepin township,34124
Fall Creek township,25258
Honey Creek township,35957
Randolph township,62692
Towanda township,75835
West township,79904
White Oak township,81321
Yates township,83804
Andalusia township,01439
Blackhawk township,06301
Bowling township,07549
Buffalo Prairie township,09512
Seminary township,68601
South Hurricane township,70876
Vandalia township,77330
Avena township,03155
Bear Grove township,04377
Carson township,11501
Loudon township,44901
Pope township,61106
Canoe Creek township,10955
Coe township,15326
Cordova township,16379
Drury township,20825
Moline township,49880
Port Byron township,61236
Rock Island township,65091
Burgess township,09694
Central township,12112
Lyman township,45252
Bloom township,06561
Chicago city,14000
Elk Grove township,23243
Leyden township,43120
Maine township,46162
Rich township,63498
River Forest township,64317
Stickney township,72689
Worth township,83531
Rural township,66300
South Moline township,70993
South Rock Island township,71201
Magnolia township,46123
Alden township,00607
Senachwine township,68627
Crouch township,17809
Dahlgren township,18316
Flannigan township,26324
Mayberry township,47657
South Flannigan township,70785
Houston township,36295
Hampton township,32577
Zuma township,84246
Jacksonville No. 6 precinct,91716
Jacksonville No. 7 precinct,91717
Jacksonville No. 8 precinct,91718
Jacksonville No. 9 precinct,91719
Jacksonville No. 11 precinct,91721
Jacksonville No. 12 precinct,91722
Keene township,39220
Carthage township,11540
Harmony township,32993
Montebello township,50140
Warsaw township,78955
Fountain Green township,27325
Mills township,49321
Pleasant Mound township,60586
Burnt Prairie township,09902
Gray township,31069
Indian Creek township,37231
Phillips township,59507
Chouteau township,14260
Collinsville township,15612
Foster township,27182
Moro township,50465
Nameoki township,51583
Omphghent township,56068
Saline township,67275
Venice township,77486
Literberry precinct,91926
Jefferson precinct,91740
Liberty township,43146
Melrose township,48203
Payson township,58278
Riverside township,64408
Quincy township,62380
McKee township,45746
Northeast township,53624
Richfield township,63550
Walkerville township,78461
Covington township,17042
Hoyleton township,36360
Venedy township,77434
Waverly No. 2 precinct,93642
Benton precinct,90396
Logan precinct,91944
Metropolis No. 1 precinct,92070
Honey Creek township,35970
Bellmont precinct,90378
Lick Prairie precinct,91890
Westfield township,80294
Carrier Mills township,11404
Mountain township,50803
Stonefort township,72897
Woodson precinct,93852
Ashmore township,02570
East Oakland township,22138
Morgan township,50400
Caseyville township,11657
Fayetteville township,25726
Mascoutah township,47436
O'Fallon township,55262
Smithton township,70265
Sugar Loaf township,73456
Pleasant Grove township,60469
Arcola township,01894
Saratoga township,67678
Goose Lake township,30549
Stites township,72741
Karnak precinct,91800
Pulaski precinct,92952
Wetaug precinct,93744
Cerro Gordo township,12275
Blue Ridge township,06808
Helvetia township,33981
Brouilletts Creek township,08901
America precinct,90108
Mound City precinct,92178
Olmsted precinct,92322
Perks precinct,92412
Ross township,65949
Fairfield township,24790
Buck township,09213
Edgar township,22502
Elbridge township,22912
Embarrass township,23958
Big Mound township,05950
Elm River township,23685
Leech township,42626
Galesburg City township,28352
Grandview township,30822
Hunter township,36685
Paris township,57641
Walnut Grove township,78565
Bald Bluff township,03415
Prairie township,61483
Ross township,65923
Burlington township,09772
Elgin township,23087
Fillmore Consolidated township,26094
Holland township,35567
Oconee township,55145
Lowe township,45083
Licking township,43315
Big Spring township,06002
Cold Spring township,15417
Dry Point township,20851
Flat Branch township,26337
Herrick township,34345
Lakewood township,41690
Belleville city,04845
Moweaqua township,51245
Okaw township,55457
Evanston city,24582
Addison township,00250
Downers Grove township,20604
Naperville township,51635
Winfield township,82413
Shiloh township,69498
Stratton township,73092
Young America township,84064
Chicago city,14000
Bainbridge township,03350
Birmingham township,06132
Coal Valley township,15248
Pittsfield township,60235
Pleasant Hill township,60547
Adams township,00204
Ophir township,56224
Pleasant Vale township,60651
Ross township,65936
Spring Creek township,71617
Precinct 1,92550
Precinct 6,92575
Precinct 10,92595
Richland township,63576
Amboy township,01283
English township,24231
Fidelity township,25973
Bloomingdale township,06600
Forreston township,27078
Brooklyn township,08693
Browning township,08966
Camden township,10708
Frederick township,27793
Hickory township,34462
Huntsville township,36776
Akron township,00477
Brimfield township,08316
Chillicothe township,14130
Elmwood township,23711
Hollis township,35645
Jubilee township,38765
Limestone township,43523
Clayton township,14780
Ellington township,23412
Gilmer township,29288
Lima township,43458
Mendon township,48320
Ursa township,77057
Precinct 37,92730
Precinct 28,92685
Bradford township,07679
Brooklyn township,08654
Harmon township,32980
Lee Center township,42613
Rushville township,66352
Hale township,32226
Spring Grove township,72065
Belleview precinct,90360
Carlin precinct,90630
Crater precinct,90900
Gilead precinct,91350
Hamburg precinct,91584
Du Quoin No. 2 precinct,91011
Beaucoup precinct,90342
Sunfield precinct,93330
Pinckneyville No. 8 precinct,92475
Tamaroa No. 1 precinct,93384
Cutler precinct,90936
Logan township,44342
Millbrook township,49113
Princeville township,61938
Radnor township,62510
Richwoods township,63771
Rosefield township,65715
Timber township,75289
Lisbon township,43913
Vernon township,77668
Mason City township,47482
Percy precinct,92394
Sand Prairie township,67483
Cruger township,17861
Jacksonville No. 10 precinct,91720
Wyoming township,83674
Hardin precinct,91602
Littleton township,44069
Richwood precinct,92988
Lockport township,44238
Wilton township,82244
Channahon township,12483
Crete township,17536
Custer township,18199
Florence township,26519
Frankfort township,27631
Martinsburg township,47241
Trivoli township,76121
West Peoria township,80749
Nachusa township,51557
Chemung township,12892
Osceola township,56783
Carterville precinct,90648
Creal Springs precinct,90918
Herrin precinct,91620
Stonefort precinct,93294
Crab Orchard precinct,90882
Dorr township,20396
Dunham township,21111
Grafton township,30666
Greenwood township,31680
Hebron township,33864
Zif township,84194
Jonesboro District 1 precinct,91764
Levee township,43003
Montezuma township,50192
Clay City township,14728
Nebraska township,51895
Sunbury township,73781
Green Garden township,31394
Homer township,35827
Jackson township,38076
Joliet township,38583
Monee township,49958
New Lenox township,52597
Ash Grove township,02453
Chebanse township,12814
Concord township,16041
Danforth township,18511
Martinton township,47293
Du Quoin No. 8 precinct,91017
Corinth precinct,90846
Southern precinct,93204
Lake Creek precinct,91836
McHenry township,45707
Marengo township,46799
Richmond township,63654
Crooked Creek township,17640
Spring Point township,72143
Riley township,64096
Nunda township,54495
Seneca township,68653
Bible Grove township,05807
Blair township,06392
Oskaloosa township,56835
Pixley township,60261
Sullivan township,73508
Otto township,57017
Songer township,70486
Stanford township,72247
Xenia township,83752
Farmington township,25544
Harris township,33110
Isabel township,37842
Waterford township,79137
Little Mackinaw township,44017
Butler Grove township,10175
Nokomis township,53182
North Litchfield township,53949
Raymond township,62978
Batavia township,04091
Big Rock township,05989
Blackberry township,06262
Campton township,10903
Cottonwood township,16587
Sumpter township,73729
Woodbury township,82959
Greenup township,31537
Alto Pass precinct,90090
Dundee township,21046
Geneva township,28885
Hampshire township,32538
Kaneville township,38908
Centralia township,12177
Romine township,65455
Salem township,67249
Tonti township,75744
Peru township,59247
Serena township,68692
Deerfield township,18979
South Ottawa township,71110
Troy Grove township,76238
Utica township,77096
Wallace township,78487
Waltham township,78682
East Galena township,21813
Pawnee township,58187
Essex township,24465
Ganeer township,28456
Kankakee township,38947
Limestone township,43497
Manteno township,46513
Momence township,49906
Norton township,54352
Brewerville precinct,90522
Kaskaskia precinct,91818
Rockwood precinct,93042
Wine Hill precinct,93834
Bourbon township,07458
Alsey precinct,90072
Bloomfield precinct,90468
Glasgow precinct,91368
Manchester precinct,92016
Bowdre township,07497
Camargo township,10604
Garrett township,28755
Murdock township,51427
Newman township,52636
Sargent township,67730
Tuscola township,76420
Stonington township,72962
Bald Hill township,03428
Blissville township,06496
Casner township,11670
Dodds township,20227
Elk Prairie township,23334
Farrington township,25648
Field township,25986
Grand Prairie township,30731
Merritt precinct,92052
Naples-Bluffs precinct,92250
Winchester No. 1 precinct,93780
Winchester No. 2 precinct,93798
McClellan township,45512
Moores Prairie township,50348
Mount Vernon township,51193
Pendleton township,58564
Rome township,65377
Shiloh township,69511
Spring Garden township,72039
Webber township,79514
Central precinct,90702
Coulterville precinct,90864
Palestine precinct,92358
Steeleville precinct,93240
Tilden precinct,93438
Baldwin precinct,90306
Ellis Grove precinct,91170
Blue Mound township,06769
Decatur township,18836
Winchester No. 3 precinct,93816
El Paso township,23750
Menominee township,48372
Nora township,53208
Friends Creek township,27988
Harristown township,33240
Hickory Point township,34527
Long Creek township,44511
Maroa township,47085
Mount Zion township,51219
Deer Park township,19096
Groveland township,31914
Vermillion township,77623
Pleasant Valley township,60664
Rawlins township,62926
Clear Lake township,14858
Curran township,18160
Gardner township,28651
Brookville township,08784
Rice township,63472
Rush township,66326
Scales Mound township,67938
Niantic township,52974
Oakley township,54859
South Wheatland township,71357
Whitmore township,81464
Thompson township,75146
Wards Grove township,78799
Warren township,78864
West Galena township,80359
Woodbine township,82907
Vinegar Hill township,78084
Union precinct,93484
Eagle Creek township,21449
Equality township,24361
Gold Hill township,30302
North Fork township,53702
Arenzville township,01959
Ashland township,02518
Beardstown township,04364
Omaha township,56016
Ridgway township,64031
Shawnee township,69069
Jacksonville No. 2 precinct,91712
Christy township,14299
Lukin township,45200
Hagener township,32148
Newmansville township,52662
Panther Creek township,57550
Philadelphia township,59481
Virginia township,78214
Pisgah precinct,92484
Buffalo township,09421
Byron township,10253
Dement township,19382
Eagle Point township,21501
Flagg township,26298
Grand Detour township,30718
Lafayette township,40650
Leaf River township,42470
Lincoln township,43549
Lynnville township,45382
Marion township,46903
Maryland township,47358
Monroe township,50049
Mount Morris township,51011
Oregon-Nashua township,56504
Pine Rock township,59975
Alexander precinct,90054
Arcadia precinct,90234
Jacksonville No. 1 precinct,91711
Jacksonville No. 3 precinct,91713
Jacksonville No. 4 precinct,91714
Rockvale township,65182
White Rock township,81399
Woosung township,83492
Allison township,00906
Russell township,66378
Bridgeport township,08199
Shabbona township,68835
Somonauk township,70473
Anna District 1 precinct,90126
Anna District 2 precinct,90144
Anna District 3 precinct,90162
Anna District 6 precinct,90216
Elmira township,23646
Neoga township,51993
Union township,76641
Ayers township,03246
Cache precinct,90576
Locust township,44251
Scott township,68302
Ora township,56276
Afton township,00386
Clinton township,14988
Cortland township,16483
DeKalb township,19174
Hall township,32265
Macon township,45928
Franklin township,27650
Genoa township,28911
Kingston township,40078
Malta township,46292
Mayfield township,47696
Milan township,48983
Paw Paw township,58200
Pierce township,59676
Sandwich township,67561
South Grove township,70837
Sycamore township,74236
Sugar Creek township,73365
Freedom township,27832
Foster township,27195
Waverly No. 1 precinct,93640
Stevenson township,72598
Bloomington township,06626
Bloomington City township,06639
Cheney's Grove township,12905
Empire township,24140
Hudson township,36451
Franklin precinct,91278
Jacksonville No. 5 precinct,91715
Carrigan township,11436
Haines township,32187
Meacham township,47826
Raccoon township,62445
Rocky Run-Wilcox township,65240
Cotton Hill township,16574
Fancy Creek township,25323
Crane Creek township,17250
Kilbourne township,39870
Salt Creek township,67353
Sherman township,69329
Colfax township,15482
Compromise township,15976
Evans township,24569
Condit township,16080
Crittenden township,17588
Ogden township,55288
Pesotum township,59286
Rosiclare precinct,93050
La Prairie township,42093
Richland township,63589
Saratoga township,67691
Philo township,59546
Stanton township,72273
Tolono township,75627
Whitefield township,81230
Iuka township,37946
Amity township,01348
Germanville township,29106
Blandinsville township,06483
Chalmers township,12333
Emmet township,24101
Macomb township,45902
Macomb City township,45915
East Bend township,21566
Harwood township,33422
Kerr township,39688
Mahomet township,46149
Newcomb township,52376
Raymond township,62952
Scotland township,68250
Auburn township,02908
Sadorus township,66547
Scott township,68289
Sidney township,69888
South Homer township,70863
Rock precinct,92995
Illini township,37023
Champaign township,12398
Champaign City township,12411
Cunningham township,18121
Mount Pleasant township,51076
Dillon township,19941
Hopedale township,36139
Hensley township,34189
Ludlow township,45187
Rantoul township,62796
St. Joseph township,66963
Somer township,70382
Urbana township,77018
Bruce township,09057
Freedom township,27845
East Eldorado township,21709
Galatia township,28274
Woodland township,83076
Rutland township,66456
Harrisburg township,33149
Thebes precinct,93420
South Palmyra township,71136
Cahokia township,10357
South Otter township,71123
Chesterfield township,13178
Gillespie township,29249
Dorchester township,20383
Barr township,03792
Smallwood township,70200
Pleasant View township,60677
Lancaster township,41885
Silver Creek township,69953
Independence township,37205
Long Branch township,44485
Raleigh township,62601
Rector township,63030
Tate township,74509
Mount Auburn township,50842
Blairsville precinct,90432
East Marion precinct,91062
Grassy precinct,91548
West Marion precinct,93690
Rozetta township,66222
Elwood township,23932
Galesburg township,28339
Henderson township,34020
Orange township,56315
Greenview No. 6 precinct,91566
Oakford No. 9 precinct,92286
Sandridge No. 8 precinct,93096
Essex township,24478
Goshen township,30627
Aetna township,00360
Elkhart township,23282
Orvil township,56705
Prairie Creek township,61574
West Lincoln township,80593
Grand Chain precinct,91476
Ullin precinct,93474
Villa Ridge precinct,93564
Exeter-Bluffs precinct,91224
May township,47631
Wysox township,83700
Kane township,38882
Rockbridge township,64824
White Hall township,81269
Belknap precinct,90346
Cache precinct,90594
Goreville No. 2 precinct,91458
Tunnel Hill precinct,93456
Erie township,24387
Lyndon township,45291
Penn township,58603
West Jersey township,80489
Blount township,06678
Butler township,10162
Carroll township,11449
Catlin township,11787
Newton township,52857
Portland township,61262
Dongola District 1 precinct,90972
Ashley township,02544
Beaucoup township,04442
Bolo township,07172
Du Bois township,20877
Irvington township,37790
Avoca township,03194
Belle Prairie township,04780
Broughton township,08888
Charlotte township,12606
Chatsworth township,12723
Dwight township,21371
Galva township,28443
Bremen precinct,90504
Chester precinct,90738
Evansville precinct,91206
Prairie du Rocher precinct,92520
Red Bud precinct,92970
Ruma precinct,93060
Sparta precinct,93222
Danville township,18576
Georgetown township,28976
Grant township,30965
Johannisburg township,38453
Lively Grove township,44108
Nashville township,51713
Pilot Knob township,59858
Plum Hill township,60807
LeRoy township,42951
Manchester township,46318
Poplar Grove township,61158
Love township,44953
McKendree township,45772
Middlefork township,48775
Richview township,63732
Eppards Point township,24309
Esmen township,24426
Spring township,71578
Cherry Grove-Shannon township,12996
Fairhaven township,24881
Fayette township,25700
Forrest township,27039
Indian Grove township,37244
Long Point township,44589
Nevada township,52077
Newtown township,52883
Odell township,55184
Mount Carroll township,50894
Casey township,11631
Emma township,24088
Hawthorne township,33591
Mill Shoals township,49360
Rock Creek-Lima township,64892
Salem township,67210
Savanna township,67834
Washington township,79020
York township,83908
Newell township,52454
Oakwood township,55015
Pilot township,59832
Owego township,57056
Pike township,59780
Pleasant Ridge township,60612
Pontiac township,61028
Reading township,63017
Round Grove township,65988
Andover township,01504
Western township,80190
Sidell township,69849
South Ross township,71227
Bowling Green township,07562
Kaskaskia township,39116
Sharon township,69017
Saunemin township,67808
Sullivan township,73482
Union township,76680
Balcom precinct,90288
Cobden District 1 precinct,90756
Cave-In-Rock precinct,90666
McFarlan precinct,91998
Monroe precinct,92170
Cobden District 2 precinct,90774
Dongola District 2 precinct,90990
Vance township,77304
Cedar township,11891
Chestnut township,13217
Copley township,16275
Elba township,22879
Haw Creek township,33552
Indian Point township,37361
Knox township,40403
Maquon township,46708
Brushy township,09122
Cottage township,16535
South Macon township,70967
Stone Church precinct,93276
Ontario township,56172
Persifer township,59221
Rio township,64161
Salem township,67223
Sparta township,71435
Bradley township,07731
Lick Creek precinct,91872
Mill Creek precinct,92142
Stokes precinct,93258
Belvidere township,05105
Clement township,14884
Bonus township,07302
Boone township,07328
Caledonia township,10435
Jamaica township,38180
Bethel township,05638
Truro township,76303
Victoria township,77824
Carmi township,11306
Elsah township,23789
De Soto township,19629
Fountain Bluff township,27260
Kinkaid township,40104
Bushnell township,10123
Colchester township,15391
Eldorado township,22996
Lynchburg township,45265
Hire township,35333
Industry township,37452
Sugar Grove No. 5 precinct,93312
Brown township,08914
Lagrange township,40741
Old Ripley township,55730
Tamalco township,74418
Alba township,00503
Annawan township,01582
Atkinson township,02739
Burns township,09824
Clover township,15040
Colona township,15677
Cornwall township,16444
Edford township,22476
Geneseo township,28859
Hanna township,32642
Kewanee township,39740
Loraine township,44732
Clintonia township,15014
Creek township,17302
Shelby No. 2 precinct,93156
Harp township,33058
Lynn township,45304
Munson township,51388
Osco township,56809
Oxford township,57108
Phenix township,59462
Weller township,79722
Wethersfield township,80983
Yorktown township,84012
Plainfield township,60300
Reed township,63108
Troy township,76212
Washington township,79059
Wesley township,79865
Dallas City township,18433
Nauvoo township,51804
Texas township,74769
Tunbridge township,76342
Wapella township,78786
Pilot Grove township,59845
Pontoosuc township,61093
Cooperstown township,16262
Wilson township,82140
Stockton township,72793
Carlyle township,11241
Lake township,40871
Ash Grove township,02466
Kickapoo township,39818
Medina township,48099
Cairo precinct,90612
Tamms precinct,93402
Squaw Grove township,72182
Austin township,03051
Wheatland township,81035
Wilmington township,82114
Charleston township,12580
Hutton township,36880
Adkins precinct,90018
East Brooklyn precinct,91026
Bennington township,05235
Aux Sable township,03090
Pickaway township,59663
Benton township,05313
Denning township,19421
Tyrone township,76576
Grant precinct,91494
Hillerman precinct,91638
German township,29028
Madison township,46006
Preston township,61847
Seward township,68783
Anna District 5 precinct,90198
Shirland township,69615
Hopewell township,36152
Braceville township,07653
Erienna township,24400
Felix township,25778
Garfield township,28677
Windsor township,82335
Jackson precinct,91692
Metropolis No. 2 precinct,92088
Metropolis No. 3 precinct,92106
West Brooklyn precinct,93672
Flora township,26441
Barnhill township,03753
Rock Creek township,64876
St. Mary township,67054
Goodfarm township,30432
Greenfield township,31381
Highland township,34657
Maine township,46175
Henry township,34176
Bedford township,04559
Berry township,05521
Mazon township,47800
Franklin precinct,91260
Indian Creek No. 7 precinct,91656
Sonora township,70499
Hutsonville township,36854
Lamotte township,41833
Montgomery township,50205
Robinson township,64720
Southwest township,71344
Wauponsee township,79345
Morris township,50504
Nettle Creek township,52038
Four Mile township,27364
Garden Hill township,28534
Grover township,31953
Hickory Hill township,34501
Norman township,53286
Vienna township,77850
Indian Prairie township,37387
Steuben township,72585
Athensville township,02700
Jasper township,38258
Keith township,39285
Bluffdale township,06860
Linder township,43809
Irish Grove No. 4 precinct,91674
Lamard township,41755
Massilon township,47501
Petersburg West No. 16 precinct,92441
Lincoln precinct,91908
Eliza township,23152
Greene township,31342
Palestine township,57290
Panola township,57537
Partridge township,58018
Spring Bay township,71611
Worth township,83544
St. Clair township,66729
Mount Erie township,50946
Orchard township,56367
Orel township,56510
Roanoke township,64603
Arrington township,02297
Point precinct,92502
Meridian township,48476
Valley township,77174
Gold township,30146
Freeport township,27897
Winslow township,82556
Bond township,07198
Denison township,19395
Lawrence township,42379
Petty township,59377
Buckeye township,09226
Loran township,44758
Astoria township,02648
Banner township,03584
Bernadotte township,05469
Buckheart township,09265
Ashton township,02596
Rock Run township,65143
Canton township,11020
Ellisville township,23542
Fairview township,25076
Farmers township,25427
Joshua township,38713
Franklin Grove township,27695
Dixon township,20175
East Grove township,21865
Hamilton township,32447
Marion township,46890
May township,47644
Godfrey village,30094
Nelson township,51960
Palmyra township,57316
South Dixon township,70694
Sublette township,73300
Viola township,78110
Willow Creek township,81971
Will township,81711
Seward township,68757
Peotone township,59065
Bowlesville township,07536
Roscoe township,65624
Burritt township,09915
Cherry Valley township,13087
Coffee precinct,90792
Lancaster precinct,91854
Durand township,21293
Harlem township,32928
Harrison township,33188
Laona township,42054
Owen township,57069
Rockford township,65013
Rockton township,65169
Winnebago township,82504
Apple River township,01686
Berreman township,05495
Dakota township,18355
Erin township,24413
Florence township,26506
Fancy Prairie No. 3 precinct,91242
Jonesboro District 2 precinct,91782
Anna District 4 precinct,90180
Council Hill township,16639
Derinda township,19551
Dunleith township,21202
Elizabeth township,23178
Guilford township,31979
Hanover township,32720
Harlem township,32902
Jefferson township,38284
Kent township,39610
Oneco township,56120
Rock Grove township,65065
Jonesboro District 3 precinct,91792
Anna District 7 precinct,90224
Waddams township,78318
West Point township,80788
Bement township,05157
Friendsville precinct,91314
Mount Carmel precinct,92214
Normal township,53247
Nilwood township,53052
Wabash precinct,93582
Compton precinct,90810
Goose Creek township,30523
Monticello township,50257
Sangamon township,67587
Willow Branch township,81906
Carman township,11280
Gladstone township,29444
Lomax township,44394
Bonpas township,07289
Olney township,55925
Santa Anna township,67639
Media township,48086
Oquawka township,56250
Stronghurst township,73274
Lynn township,45330
Ripley township,64187
Barnett township,03714
De Witt township,19785
Rutledge township,66469
Pine Creek township,59897
Terre Haute township,74730
Edgington township,22632
Cambridge township,10656
Alhambra township,00750
Fort Russell township,27130
Hamel township,32421
Marine township,46877
New Douglas township,52428
Reynolds township,63407
Olive township,55834
Pin Oak township,60014
St. Jacob township,66872
Wood River township,83284
Bellflower township,04910
Dale township,18381
Downs township,20656
Leef township,42652
Symmes township,74288
Burton township,10032
Coral township,16314
Hartland township,33305
Aurora township,03025
St. Charles township,66716
Pecatonica township,58421
Lake No. 1 precinct,91840
Vienna No. 2 precinct,93546
Lake No. 2 precinct,91842
Big Grove township,05872
Bristol township,08368
Fox township,27416
Little Rock township,44043
Bloomfield precinct,90450
Na-Au-Say township,51531
West Peoria city,80736
Rockville township,65195
South Jacksonville No. 1 precinct,93206
Buckhorn township,09291
Elkhorn township,23308
Burnside precinct,90558
Elvira precinct,91188
Goreville No. 1 precinct,91440
Grantsburg No. 1 precinct,91512
Pembroke township,58538
Pilot township,59819
St. Anne township,66651
Sumner township,73690
Grantsburg No. 2 precinct,91530
Ozark precinct,92340
Kerton township,39714
Lee township,42574
Lewistown township,43068
Simpson precinct,93168
Vienna No. 1 precinct,93528
Vienna No. 3 precinct,93552
Liverpool township,44134
Allin township,00893
Anchor township,01374
Arrowsmith township,02369
Aroma township,02245
Bourbonnais township,07484
Harter township,33266
Hoosier township,36087
Larkinsburg township,42158
Orion township,56588
Pleasant township,60430
Putman township,62276
South Jacksonville No. 3 precinct,93210
South Jacksonville No. 2 precinct,93208
Union township,76667
Coldbrook township,15404
Ellison township,23516
Floyd township,26610
Victor township,77798
Greenbush township,31277
Murrayville precinct,92232
Anderson township,01465
Douglas township,20461
Oakland township,54794
Ashkum township,02492
Belmont township,05014
Middleport township,48814
Prairie Green township,61665
Kelly township,39396
Lenox township,42847
Monmouth township,50023
Vermont township,77655
Orange township,56302
Alto township,01101
Bluff Springs township,06938
Precinct 2,92555
Precinct 3,92560
Artesia township,02401
Beaver township,04455
Swan township,74093
Woodland township,83089
Young Hickory township,84077
Kinmundy township,40130
Precinct 4,92565
Precinct 5,92570
Odin township,55223
Precinct 7,92580
Precinct 8,92585
Precinct 9,92590
Roseville township,65858
Beaverville township,04520
Crescent township,17367
Douglas township,20487
Fountain Creek township,27286
Omega township,56055
Sandoval township,67457
Patoka township,58070
Alma township,00932
Elkhorn Grove township,23321
Precinct 13,92610
Precinct 16,92625
Precinct 17,92630
Precinct 18,92635
Precinct 19,92640
Iroquois township,37725
Loda township,44277
Lovejoy township,44979
Milford township,49061
Precinct 11,92600
Precinct 14,92615
Precinct 24,92665
Precinct 27,92680
Precinct 20,92645
Precinct 23,92660
Precinct 25,92670
Precinct 26,92675
Precinct 29,92690
Precinct 30,92695
Barrington township,03831
Berwyn township,05586
Staunton township,72416
Clayton township,14793
Milks Grove township,49074
Onarga township,56094
Papineau township,57589
Pigeon Grove township,59767
Ridgeland township,63901
McClure precinct,91980
Olive Branch precinct,92304
Sandusky precinct,93114
Sheldon township,69225
Boynton township,07627
Cincinnati township,14403
Deer Creek township,18953
Genesee township,28833
Hahnaman township,32174
Hopkins township,36178
Hume township,36581
Delavan township,19239
Elm Grove township,23607
Fondulac township,26636
Montmorency township,50270
Precinct 31,92700
Precinct 32,92705
Precinct 33,92710
Precinct 34,92715
Precinct 35,92720
Precinct 36,92725
Calumet township,10474
Cicero township,14364
Lemont township,42808
New Trier township,52909
Enfield township,24192
Heralds Prairie township,34228
Richwood township,63745
Jersey township,38401
Mississippi township,49672
Otter Creek township,56952
Piasa township,59598
Quarry township,62354
Rosedale township,65689
Levan township,42990
Murphysboro township,51466
Precinct 21,92650
Sand Ridge township,67522
Groveland township,31940
Hittle township,35359
Mackinaw township,45792
Manlius township,46435
Malone township,46266
Morton township,50634
Pekin township,58460
Rooks Creek township,65520
Bath township,04169
Vergennes township,77538
Grand Tower township,30783
Pomona township,60963
Crook township,17627
Knight Prairie township,40299
Precinct 15,92620
Precinct 22,92655
County subdivisions not defined,00000
Bremen township,07939
Hanover township,32694
Niles township,53013
Proviso township,62133
Thornton township,75198
Northfield township,53676
Norwood Park township,54430
Oak Park township,54898
Orland township,56614
Hurricane township,36802
La Clede township,40533
Lone Grove township,44459
Otego township,56913
Shafter township,68926
Wheatland township,81022
Wilberton township,81568
Somerset township,70408
Spring Lake township,72130
Tremont township,75978
Washington township,79046
Toulon township,75796
Palatine township,57238
Palos township,57355
Riverside township,64434
Schaumburg township,68016
Bunker Hill township,09590
Brighton township,08277
Albany township,00529
Ramsey township,62640
Sefton township,68549
Okawville township,55483
Oakdale township,54599
Coloma township,15651
Fenton township,25817
Fulton township,28157
Garden Plain township,28586
Allen township,00763
Brookfield township,08583
Dayton township,18784
Lyons township,45447
Wheeling township,81100
Bird township,06067
Brushy Mound township,09135
Fox township,27390
Dimmick township,19980
Eagle township,21436
Earl township,21527
Eden township,22424
Fall River township,25284
Farm Ridge township,25583
Grand Rapids township,30744
Carlinville township,11209
Girard township,29405
Hillyard township,35242
Honey Point township,35996
Ustick township,77070
Elk township,23217
Allens Grove township,00844
Hope township,36100
LaSalle township,42197
Manlius township,46448
Mendota township,48346
Meriden township,48463
Miller township,49204
Mount Olive township,51037
North Otter township,54040
Forest City township,26766
Havana township,33526
Manito township,46396
Pennsylvania township,58629
Quiver township,62419
North Palmyra township,54053
Polk township,60924
Mission township,49646
Northville township,54248
Osage township,56731
Ottawa township,56939
Otter Creek township,56965
Scottville township,68419
Shaws Point township,69121
Shipman township,69576
Virden township,78162
Abington township,00126
Western Mound township,80229
Prophetstown township,61990
Sterling township,72553
Tampico township,74483
Union Grove township,76758
Moraine township,50364
Warren township,78877
Zion township,84233
Centreville township,12210
Shiloh Valley township,69550
Stookey township,72988
Millstadt township,49399
Lynnville-Markham precinct,91965
Meredosia precinct,92041
Chapin-Concord precinct,90725
