FIPS Code,Place Name,Place Type
1,ALABAMA,State
2,ALASKA,State
4,ARIZONA,State
5,ARKANSAS,State
6,CALIFORNIA,State
8,COLORADO,State
9,CONNECTICUT,State
10,DELAWARE,State
11,DISTRICT OF COLUMBIA,State
12,FLORIDA,State
13,GEORGIA,State
15,HAWAII,State
16,IDAHO,State
17,ILLINOIS,State
18,INDIANA,State
19,IOWA,State
20,KANSAS,State
21,KENTUCKY,State
22,LOUISIANA,State
23,MAINE,State
24,MARYLAND,State
25,MASSACHUSETTS,State
26,MICHIGAN,State
27,MINNESOTA,State
28,MISSISSIPPI,State
29,MISSOURI,State
30,MONTANA,State
31,NEBRASKA,State
32,NEVADA,State
33,NEW HAMPSHIRE,State
34,NEW JERSEY,State
35,NEW MEXICO,State
36,NEW YORK,State
37,NORTH CAROLINA,State
38,NORTH DAKOTA,State
39,OHIO,State
40,OKLAHOMA,State
41,OREGON,State
42,PENNSYLVANIA,State
44,RHODE ISLAND,State
45,SOUTH CAROLINA,State
46,SOUTH DAKOTA,State
47,TENNESSEE,State
48,TEXAS,State
49,UTAH,State
50,VERMONT,State
51,VIRGINIA,State
53,WASHINGTON,State
54,WEST VIRGINIA,State
55,WISCONSIN,State
56,WYOMING,State
1000,Alabama,County
1001,Autauga County,County
1003,Baldwin County,County
1005,Barbour County,County
1007,Bibb County,County
1009,Blount County,County
1011,Bullock County,County
1013,Butler County,County
1015,Calhoun County,County
1017,Chambers County,County
1019,Cherokee County,County
1021,Chilton County,County
1023,Choctaw County,County
1025,Clarke County,County
1027,Clay County,County
1029,Cleburne County,County
1031,Coffee County,County
1033,Colbert County,County
1035,Conecuh County,County
1037,Coosa County,County
1039,Covington County,County
1041,Crenshaw County,County
1043,Cullman County,County
1045,Dale County,County
1047,Dallas County,County
1049,DeKalb County,County
1051,Elmore County,County
1053,Escambia County,County
1055,Etowah County,County
1057,Fayette County,County
1059,Franklin County,County
1061,Geneva County,County
1063,Greene County,County
1065,Hale County,County
1067,Henry County,County
1069,Houston County,County
1071,Jackson County,County
1073,Jefferson County,County
1075,Lamar County,County
1077,Lauderdale County,County
1079,Lawrence County,County
1081,Lee County,County
1083,Limestone County,County
1085,Lowndes County,County
1087,Macon County,County
1089,Madison County,County
1091,Marengo County,County
1093,Marion County,County
1095,Marshall County,County
1097,Mobile County,County
1099,Monroe County,County
1101,Montgomery County,County
1103,Morgan County,County
1105,Perry County,County
1107,Pickens County,County
1109,Pike County,County
1111,Randolph County,County
1113,Russell County,County
1115,St. Clair County,County
1117,Shelby County,County
1119,Sumter County,County
1121,Talladega County,County
1123,Tallapoosa County,County
1125,Tuscaloosa County,County
1127,Walker County,County
1129,Washington County,County
1131,Wilcox County,County
1133,Winston County,County
2000,Alaska,County
2013,Aleutians East Borough,County
2016,Aleutians West Census Area,County
2020,Anchorage Borough,County
2050,Bethel Census Area,County
2060,Bristol Bay Borough,County
2068,Denali Borough,County
2070,Dillingham Census Area,County
2090,Fairbanks North Star Borough,County
2100,Haines Borough,County
2110,Juneau Borough,County
2122,Kenai Peninsula Borough,County
2130,Ketchikan Gateway Borough,County
2150,Kodiak Island Borough,County
2164,Lake and Peninsula Borough,County
2170,Matanuska-Susitna Borough,County
2180,Nome Census Area,County
2185,North Slope Borough,County
2188,Northwest Arctic Borough,County
2201,Prince of Wales-Outer Ketchikan Census Area,County
2220,Sitka Borough,County
2231,Skagway-Yakutat-Angoon Census Area,County
2232,Skagway-Hoonah-Angoon Census Area,County
2240,Southeast Fairbanks Census Area,County
2261,Valdez-Cordova Census Area,County
2270,Wade Hampton Census Area,County
2280,Wrangell-Petersburg Census Area,County
2282,Yakutat Borough,County
2290,Yukon-Koyukuk Census Area,County
4000,Arizona,County
4001,Apache County,County
4003,Cochise County,County
4005,Coconino County,County
4007,Gila County,County
4009,Graham County,County
4011,Greenlee County,County
4012,La Paz County,County
4013,Maricopa County,County
4015,Mohave County,County
4017,Navajo County,County
4019,Pima County,County
4021,Pinal County,County
4023,Santa Cruz County,County
4025,Yavapai County,County
4027,Yuma County,County
5000,Arkansas,County
5001,Arkansas County,County
5003,Ashley County,County
5005,Baxter County,County
5007,Benton County,County
5009,Boone County,County
5011,Bradley County,County
5013,Calhoun County,County
5015,Carroll County,County
5017,Chicot County,County
5019,Clark County,County
5021,Clay County,County
5023,Cleburne County,County
5025,Cleveland County,County
5027,Columbia County,County
5029,Conway County,County
5031,Craighead County,County
5033,Crawford County,County
5035,Crittenden County,County
5037,Cross County,County
5039,Dallas County,County
5041,Desha County,County
5043,Drew County,County
5045,Faulkner County,County
5047,Franklin County,County
5049,Fulton County,County
5051,Garland County,County
5053,Grant County,County
5055,Greene County,County
5057,Hempstead County,County
5059,Hot Spring County,County
5061,Howard County,County
5063,Independence County,County
5065,Izard County,County
5067,Jackson County,County
5069,Jefferson County,County
5071,Johnson County,County
5073,Lafayette County,County
5075,Lawrence County,County
5077,Lee County,County
5079,Lincoln County,County
5081,Little River County,County
5083,Logan County,County
5085,Lonoke County,County
5087,Madison County,County
5089,Marion County,County
5091,Miller County,County
5093,Mississippi County,County
5095,Monroe County,County
5097,Montgomery County,County
5099,Nevada County,County
5101,Newton County,County
5103,Ouachita County,County
5105,Perry County,County
5107,Phillips County,County
5109,Pike County,County
5111,Poinsett County,County
5113,Polk County,County
5115,Pope County,County
5117,Prairie County,County
5119,Pulaski County,County
5121,Randolph County,County
5123,St. Francis County,County
5125,Saline County,County
5127,Scott County,County
5129,Searcy County,County
5131,Sebastian County,County
5133,Sevier County,County
5135,Sharp County,County
5137,Stone County,County
5139,Union County,County
5141,Van Buren County,County
5143,Washington County,County
5145,White County,County
5147,Woodruff County,County
5149,Yell County,County
6000,California,County
6001,Alameda County,County
6003,Alpine County,County
6005,Amador County,County
6007,Butte County,County
6009,Calaveras County,County
6011,Colusa County,County
6013,Contra Costa County,County
6015,Del Norte County,County
6017,El Dorado County,County
6019,Fresno County,County
6021,Glenn County,County
6023,Humboldt County,County
6025,Imperial County,County
6027,Inyo County,County
6029,Kern County,County
6031,Kings County,County
6033,Lake County,County
6035,Lassen County,County
6037,Los Angeles County,County
6039,Madera County,County
6041,Marin County,County
6043,Mariposa County,County
6045,Mendocino County,County
6047,Merced County,County
6049,Modoc County,County
6051,Mono County,County
6053,Monterey County,County
6055,Napa County,County
6057,Nevada County,County
6059,Orange County,County
6061,Placer County,County
6063,Plumas County,County
6065,Riverside County,County
6067,Sacramento County,County
6069,San Benito County,County
6071,San Bernardino County,County
6073,San Diego County,County
6075,San Francisco County,County
6077,San Joaquin County,County
6079,San Luis Obispo County,County
6081,San Mateo County,County
6083,Santa Barbara County,County
6085,Santa Clara County,County
6087,Santa Cruz County,County
6089,Shasta County,County
6091,Sierra County,County
6093,Siskiyou County,County
6095,Solano County,County
6097,Sonoma County,County
6099,Stanislaus County,County
6101,Sutter County,County
6103,Tehama County,County
6105,Trinity County,County
6107,Tulare County,County
6109,Tuolumne County,County
6111,Ventura County,County
6113,Yolo County,County
6115,Yuba County,County
8000,Colorado,County
8001,Adams County,County
8003,Alamosa County,County
8005,Arapahoe County,County
8007,Archuleta County,County
8009,Baca County,County
8011,Bent County,County
8013,Boulder County,County
8015,Chaffee County,County
8017,Cheyenne County,County
8019,Clear Creek County,County
8021,Conejos County,County
8023,Costilla County,County
8025,Crowley County,County
8027,Custer County,County
8029,Delta County,County
8031,Denver County,County
8033,Dolores County,County
8035,Douglas County,County
8037,Eagle County,County
8039,Elbert County,County
8041,El Paso County,County
8043,Fremont County,County
8045,Garfield County,County
8047,Gilpin County,County
8049,Grand County,County
8051,Gunnison County,County
8053,Hinsdale County,County
8055,Huerfano County,County
8057,Jackson County,County
8059,Jefferson County,County
8061,Kiowa County,County
8063,Kit Carson County,County
8065,Lake County,County
8067,La Plata County,County
8069,Larimer County,County
8071,Las Animas County,County
8073,Lincoln County,County
8075,Logan County,County
8077,Mesa County,County
8079,Mineral County,County
8081,Moffat County,County
8083,Montezuma County,County
8085,Montrose County,County
8087,Morgan County,County
8089,Otero County,County
8091,Ouray County,County
8093,Park County,County
8095,Phillips County,County
8097,Pitkin County,County
8099,Prowers County,County
8101,Pueblo County,County
8103,Rio Blanco County,County
8105,Rio Grande County,County
8107,Routt County,County
8109,Saguache County,County
8111,San Juan County,County
8113,San Miguel County,County
8115,Sedgwick County,County
8117,Summit County,County
8119,Teller County,County
8121,Washington County,County
8123,Weld County,County
8125,Yuma County,County
9000,Connecticut,County
9001,Fairfield County,County
9003,Hartford County,County
9005,Litchfield County,County
9007,Middlesex County,County
9009,New Haven County,County
9011,New London County,County
9013,Tolland County,County
9015,Windham County,County
10000,Delaware,County
10001,Kent County,County
10003,New Castle County,County
10005,Sussex County,County
11000,District of Columbia,County
11001,District of Columbia,County
12000,Florida,County
12001,Alachua County,County
12003,Baker County,County
12005,Bay County,County
12007,Bradford County,County
12009,Brevard County,County
12011,Broward County,County
12013,Calhoun County,County
12015,Charlotte County,County
12017,Citrus County,County
12019,Clay County,County
12021,Collier County,County
12023,Columbia County,County
12025,Dade County,County
12027,DeSoto County,County
12029,Dixie County,County
12031,Duval County,County
12033,Escambia County,County
12035,Flagler County,County
12037,Franklin County,County
12039,Gadsden County,County
12041,Gilchrist County,County
12043,Glades County,County
12045,Gulf County,County
12047,Hamilton County,County
12049,Hardee County,County
12051,Hendry County,County
12053,Hernando County,County
12055,Highlands County,County
12057,Hillsborough County,County
12059,Holmes County,County
12061,Indian River County,County
12063,Jackson County,County
12065,Jefferson County,County
12067,Lafayette County,County
12069,Lake County,County
12071,Lee County,County
12073,Leon County,County
12075,Levy County,County
12077,Liberty County,County
12079,Madison County,County
12081,Manatee County,County
12083,Marion County,County
12085,Martin County,County
12087,Monroe County,County
12089,Nassau County,County
12091,Okaloosa County,County
12093,Okeechobee County,County
12095,Orange County,County
12097,Osceola County,County
12099,Palm Beach County,County
12101,Pasco County,County
12103,Pinellas County,County
12105,Polk County,County
12107,Putnam County,County
12109,St. Johns County,County
12111,St. Lucie County,County
12113,Santa Rosa County,County
12115,Sarasota County,County
12117,Seminole County,County
12119,Sumter County,County
12121,Suwannee County,County
12123,Taylor County,County
12125,Union County,County
12127,Volusia County,County
12129,Wakulla County,County
12131,Walton County,County
12133,Washington County,County
13000,Georgia,County
13001,Appling County,County
13003,Atkinson County,County
13005,Bacon County,County
13007,Baker County,County
13009,Baldwin County,County
13011,Banks County,County
13013,Barrow County,County
13015,Bartow County,County
13017,Ben Hill County,County
13019,Berrien County,County
13021,Bibb County,County
13023,Bleckley County,County
13025,Brantley County,County
13027,Brooks County,County
13029,Bryan County,County
13031,Bulloch County,County
13033,Burke County,County
13035,Butts County,County
13037,Calhoun County,County
13039,Camden County,County
13043,Candler County,County
13045,Carroll County,County
13047,Catoosa County,County
13049,Charlton County,County
13051,Chatham County,County
13053,Chattahoochee County,County
13055,Chattooga County,County
13057,Cherokee County,County
13059,Clarke County,County
13061,Clay County,County
13063,Clayton County,County
13065,Clinch County,County
13067,Cobb County,County
13069,Coffee County,County
13071,Colquitt County,County
13073,Columbia County,County
13075,Cook County,County
13077,Coweta County,County
13079,Crawford County,County
13081,Crisp County,County
13083,Dade County,County
13085,Dawson County,County
13087,Decatur County,County
13089,DeKalb County,County
13091,Dodge County,County
13093,Dooly County,County
13095,Dougherty County,County
13097,Douglas County,County
13099,Early County,County
13101,Echols County,County
13103,Effingham County,County
13105,Elbert County,County
13107,Emanuel County,County
13109,Evans County,County
13111,Fannin County,County
13113,Fayette County,County
13115,Floyd County,County
13117,Forsyth County,County
13119,Franklin County,County
13121,Fulton County,County
13123,Gilmer County,County
13125,Glascock County,County
13127,Glynn County,County
13129,Gordon County,County
13131,Grady County,County
13133,Greene County,County
13135,Gwinnett County,County
13137,Habersham County,County
13139,Hall County,County
13141,Hancock County,County
13143,Haralson County,County
13145,Harris County,County
13147,Hart County,County
13149,Heard County,County
13151,Henry County,County
13153,Houston County,County
13155,Irwin County,County
13157,Jackson County,County
13159,Jasper County,County
13161,Jeff Davis County,County
13163,Jefferson County,County
13165,Jenkins County,County
13167,Johnson County,County
13169,Jones County,County
13171,Lamar County,County
13173,Lanier County,County
13175,Laurens County,County
13177,Lee County,County
13179,Liberty County,County
13181,Lincoln County,County
13183,Long County,County
13185,Lowndes County,County
13187,Lumpkin County,County
13189,McDuffie County,County
13191,McIntosh County,County
13193,Macon County,County
13195,Madison County,County
13197,Marion County,County
13199,Meriwether County,County
13201,Miller County,County
13205,Mitchell County,County
13207,Monroe County,County
13209,Montgomery County,County
13211,Morgan County,County
13213,Murray County,County
13215,Muscogee County,County
13217,Newton County,County
13219,Oconee County,County
13221,Oglethorpe County,County
13223,Paulding County,County
13225,Peach County,County
13227,Pickens County,County
13229,Pierce County,County
13231,Pike County,County
13233,Polk County,County
13235,Pulaski County,County
13237,Putnam County,County
13239,Quitman County,County
13241,Rabun County,County
13243,Randolph County,County
13245,Richmond County,County
13247,Rockdale County,County
13249,Schley County,County
13251,Screven County,County
13253,Seminole County,County
13255,Spalding County,County
13257,Stephens County,County
13259,Stewart County,County
13261,Sumter County,County
13263,Talbot County,County
13265,Taliaferro County,County
13267,Tattnall County,County
13269,Taylor County,County
13271,Telfair County,County
13273,Terrell County,County
13275,Thomas County,County
13277,Tift County,County
13279,Toombs County,County
13281,Towns County,County
13283,Treutlen County,County
13285,Troup County,County
13287,Turner County,County
13289,Twiggs County,County
13291,Union County,County
13293,Upson County,County
13295,Walker County,County
13297,Walton County,County
13299,Ware County,County
13301,Warren County,County
13303,Washington County,County
13305,Wayne County,County
13307,Webster County,County
13309,Wheeler County,County
13311,White County,County
13313,Whitfield County,County
13315,Wilcox County,County
13317,Wilkes County,County
13319,Wilkinson County,County
13321,Worth County,County
15000,Hawaii,County
15001,Hawaii County,County
15003,Honolulu County,County
15005,Kalawao County,County
15007,Kauai County,County
15009,Maui County,County
16000,Idaho,County
16001,Ada County,County
16003,Adams County,County
16005,Bannock County,County
16007,Bear Lake County,County
16009,Benewah County,County
16011,Bingham County,County
16013,Blaine County,County
16015,Boise County,County
16017,Bonner County,County
16019,Bonneville County,County
16021,Boundary County,County
16023,Butte County,County
16025,Camas County,County
16027,Canyon County,County
16029,Caribou County,County
16031,Cassia County,County
16033,Clark County,County
16035,Clearwater County,County
16037,Custer County,County
16039,Elmore County,County
16041,Franklin County,County
16043,Fremont County,County
16045,Gem County,County
16047,Gooding County,County
16049,Idaho County,County
16051,Jefferson County,County
16053,Jerome County,County
16055,Kootenai County,County
16057,Latah County,County
16059,Lemhi County,County
16061,Lewis County,County
16063,Lincoln County,County
16065,Madison County,County
16067,Minidoka County,County
16069,Nez Perce County,County
16071,Oneida County,County
16073,Owyhee County,County
16075,Payette County,County
16077,Power County,County
16079,Shoshone County,County
16081,Teton County,County
16083,Twin Falls County,County
16085,Valley County,County
16087,Washington County,County
17000,Illinois,County
17001,Adams County,County
17003,Alexander County,County
17005,Bond County,County
17007,Boone County,County
17009,Brown County,County
17011,Bureau County,County
17013,Calhoun County,County
17015,Carroll County,County
17017,Cass County,County
17019,Champaign County,County
17021,Christian County,County
17023,Clark County,County
17025,Clay County,County
17027,Clinton County,County
17029,Coles County,County
17031,Cook County,County
17033,Crawford County,County
17035,Cumberland County,County
17037,DeKalb County,County
17039,De Witt County,County
17041,Douglas County,County
17043,DuPage County,County
17045,Edgar County,County
17047,Edwards County,County
17049,Effingham County,County
17051,Fayette County,County
17053,Ford County,County
17055,Franklin County,County
17057,Fulton County,County
17059,Gallatin County,County
17061,Greene County,County
17063,Grundy County,County
17065,Hamilton County,County
17067,Hancock County,County
17069,Hardin County,County
17071,Henderson County,County
17073,Henry County,County
17075,Iroquois County,County
17077,Jackson County,County
17079,Jasper County,County
17081,Jefferson County,County
17083,Jersey County,County
17085,Jo Daviess County,County
17087,Johnson County,County
17089,Kane County,County
17091,Kankakee County,County
17093,Kendall County,County
17095,Knox County,County
17097,Lake County,County
17099,La Salle County,County
17101,Lawrence County,County
17103,Lee County,County
17105,Livingston County,County
17107,Logan County,County
17109,McDonough County,County
17111,McHenry County,County
17113,McLean County,County
17115,Macon County,County
17117,Macoupin County,County
17119,Madison County,County
17121,Marion County,County
17123,Marshall County,County
17125,Mason County,County
17127,Massac County,County
17129,Menard County,County
17131,Mercer County,County
17133,Monroe County,County
17135,Montgomery County,County
17137,Morgan County,County
17139,Moultrie County,County
17141,Ogle County,County
17143,Peoria County,County
17145,Perry County,County
17147,Piatt County,County
17149,Pike County,County
17151,Pope County,County
17153,Pulaski County,County
17155,Putnam County,County
17157,Randolph County,County
17159,Richland County,County
17161,Rock Island County,County
17163,St. Clair County,County
17165,Saline County,County
17167,Sangamon County,County
17169,Schuyler County,County
17171,Scott County,County
17173,Shelby County,County
17175,Stark County,County
17177,Stephenson County,County
17179,Tazewell County,County
17181,Union County,County
17183,Vermilion County,County
17185,Wabash County,County
17187,Warren County,County
17189,Washington County,County
17191,Wayne County,County
17193,White County,County
17195,Whiteside County,County
17197,Will County,County
17199,Williamson County,County
17201,Winnebago County,County
17203,Woodford County,County
18000,Indiana,County
18001,Adams County,County
18003,Allen County,County
18005,Bartholomew County,County
18007,Benton County,County
18009,Blackford County,County
18011,Boone County,County
18013,Brown County,County
18015,Carroll County,County
18017,Cass County,County
18019,Clark County,County
18021,Clay County,County
18023,Clinton County,County
18025,Crawford County,County
18027,Daviess County,County
18029,Dearborn County,County
18031,Decatur County,County
18033,De Kalb County,County
18035,Delaware County,County
18037,Dubois County,County
18039,Elkhart County,County
18041,Fayette County,County
18043,Floyd County,County
18045,Fountain County,County
18047,Franklin County,County
18049,Fulton County,County
18051,Gibson County,County
18053,Grant County,County
18055,Greene County,County
18057,Hamilton County,County
18059,Hancock County,County
18061,Harrison County,County
18063,Hendricks County,County
18065,Henry County,County
18067,Howard County,County
18069,Huntington County,County
18071,Jackson County,County
18073,Jasper County,County
18075,Jay County,County
18077,Jefferson County,County
18079,Jennings County,County
18081,Johnson County,County
18083,Knox County,County
18085,Kosciusko County,County
18087,Lagrange County,County
18089,Lake County,County
18091,La Porte County,County
18093,Lawrence County,County
18095,Madison County,County
18097,Marion County,County
18099,Marshall County,County
18101,Martin County,County
18103,Miami County,County
18105,Monroe County,County
18107,Montgomery County,County
18109,Morgan County,County
18111,Newton County,County
18113,Noble County,County
18115,Ohio County,County
18117,Orange County,County
18119,Owen County,County
18121,Parke County,County
18123,Perry County,County
18125,Pike County,County
18127,Porter County,County
18129,Posey County,County
18131,Pulaski County,County
18133,Putnam County,County
18135,Randolph County,County
18137,Ripley County,County
18139,Rush County,County
18141,St. Joseph County,County
18143,Scott County,County
18145,Shelby County,County
18147,Spencer County,County
18149,Starke County,County
18151,Steuben County,County
18153,Sullivan County,County
18155,Switzerland County,County
18157,Tippecanoe County,County
18159,Tipton County,County
18161,Union County,County
18163,Vanderburgh County,County
18165,Vermillion County,County
18167,Vigo County,County
18169,Wabash County,County
18171,Warren County,County
18173,Warrick County,County
18175,Washington County,County
18177,Wayne County,County
18179,Wells County,County
18181,White County,County
18183,Whitley County,County
19000,Iowa,County
19001,Adair County,County
19003,Adams County,County
19005,Allamakee County,County
19007,Appanoose County,County
19009,Audubon County,County
19011,Benton County,County
19013,Black Hawk County,County
19015,Boone County,County
19017,Bremer County,County
19019,Buchanan County,County
19021,Buena Vista County,County
19023,Butler County,County
19025,Calhoun County,County
19027,Carroll County,County
19029,Cass County,County
19031,Cedar County,County
19033,Cerro Gordo County,County
19035,Cherokee County,County
19037,Chickasaw County,County
19039,Clarke County,County
19041,Clay County,County
19043,Clayton County,County
19045,Clinton County,County
19047,Crawford County,County
19049,Dallas County,County
19051,Davis County,County
19053,Decatur County,County
19055,Delaware County,County
19057,Des Moines County,County
19059,Dickinson County,County
19061,Dubuque County,County
19063,Emmet County,County
19065,Fayette County,County
19067,Floyd County,County
19069,Franklin County,County
19071,Fremont County,County
19073,Greene County,County
19075,Grundy County,County
19077,Guthrie County,County
19079,Hamilton County,County
19081,Hancock County,County
19083,Hardin County,County
19085,Harrison County,County
19087,Henry County,County
19089,Howard County,County
19091,Humboldt County,County
19093,Ida County,County
19095,Iowa County,County
19097,Jackson County,County
19099,Jasper County,County
19101,Jefferson County,County
19103,Johnson County,County
19105,Jones County,County
19107,Keokuk County,County
19109,Kossuth County,County
19111,Lee County,County
19113,Linn County,County
19115,Louisa County,County
19117,Lucas County,County
19119,Lyon County,County
19121,Madison County,County
19123,Mahaska County,County
19125,Marion County,County
19127,Marshall County,County
19129,Mills County,County
19131,Mitchell County,County
19133,Monona County,County
19135,Monroe County,County
19137,Montgomery County,County
19139,Muscatine County,County
19141,O,County
19143,Osceola County,County
19145,Page County,County
19147,Palo Alto County,County
19149,Plymouth County,County
19151,Pocahontas County,County
19153,Polk County,County
19155,Pottawattamie County,County
19157,Poweshiek County,County
19159,Ringgold County,County
19161,Sac County,County
19163,Scott County,County
19165,Shelby County,County
19167,Sioux County,County
19169,Story County,County
19171,Tama County,County
19173,Taylor County,County
19175,Union County,County
19177,Van Buren County,County
19179,Wapello County,County
19181,Warren County,County
19183,Washington County,County
19185,Wayne County,County
19187,Webster County,County
19189,Winnebago County,County
19191,Winneshiek County,County
19193,Woodbury County,County
19195,Worth County,County
19197,Wright County,County
20000,Kansas,County
20001,Allen County,County
20003,Anderson County,County
20005,Atchison County,County
20007,Barber County,County
20009,Barton County,County
20011,Bourbon County,County
20013,Brown County,County
20015,Butler County,County
20017,Chase County,County
20019,Chautauqua County,County
20021,Cherokee County,County
20023,Cheyenne County,County
20025,Clark County,County
20027,Clay County,County
20029,Cloud County,County
20031,Coffey County,County
20033,Comanche County,County
20035,Cowley County,County
20037,Crawford County,County
20039,Decatur County,County
20041,Dickinson County,County
20043,Doniphan County,County
20045,Douglas County,County
20047,Edwards County,County
20049,Elk County,County
20051,Ellis County,County
20053,Ellsworth County,County
20055,Finney County,County
20057,Ford County,County
20059,Franklin County,County
20061,Geary County,County
20063,Gove County,County
20065,Graham County,County
20067,Grant County,County
20069,Gray County,County
20071,Greeley County,County
20073,Greenwood County,County
20075,Hamilton County,County
20077,Harper County,County
20079,Harvey County,County
20081,Haskell County,County
20083,Hodgeman County,County
20085,Jackson County,County
20087,Jefferson County,County
20089,Jewell County,County
20091,Johnson County,County
20093,Kearny County,County
20095,Kingman County,County
20097,Kiowa County,County
20099,Labette County,County
20101,Lane County,County
20103,Leavenworth County,County
20105,Lincoln County,County
20107,Linn County,County
20109,Logan County,County
20111,Lyon County,County
20113,McPherson County,County
20115,Marion County,County
20117,Marshall County,County
20119,Meade County,County
20121,Miami County,County
20123,Mitchell County,County
20125,Montgomery County,County
20127,Morris County,County
20129,Morton County,County
20131,Nemaha County,County
20133,Neosho County,County
20135,Ness County,County
20137,Norton County,County
20139,Osage County,County
20141,Osborne County,County
20143,Ottawa County,County
20145,Pawnee County,County
20147,Phillips County,County
20149,Pottawatomie County,County
20151,Pratt County,County
20153,Rawlins County,County
20155,Reno County,County
20157,Republic County,County
20159,Rice County,County
20161,Riley County,County
20163,Rooks County,County
20165,Rush County,County
20167,Russell County,County
20169,Saline County,County
20171,Scott County,County
20173,Sedgwick County,County
20175,Seward County,County
20177,Shawnee County,County
20179,Sheridan County,County
20181,Sherman County,County
20183,Smith County,County
20185,Stafford County,County
20187,Stanton County,County
20189,Stevens County,County
20191,Sumner County,County
20193,Thomas County,County
20195,Trego County,County
20197,Wabaunsee County,County
20199,Wallace County,County
20201,Washington County,County
20203,Wichita County,County
20205,Wilson County,County
20207,Woodson County,County
20209,Wyandotte County,County
21000,Kentucky,County
21001,Adair County,County
21003,Allen County,County
21005,Anderson County,County
21007,Ballard County,County
21009,Barren County,County
21011,Bath County,County
21013,Bell County,County
21015,Boone County,County
21017,Bourbon County,County
21019,Boyd County,County
21021,Boyle County,County
21023,Bracken County,County
21025,Breathitt County,County
21027,Breckinridge County,County
21029,Bullitt County,County
21031,Butler County,County
21033,Caldwell County,County
21035,Calloway County,County
21037,Campbell County,County
21039,Carlisle County,County
21041,Carroll County,County
21043,Carter County,County
21045,Casey County,County
21047,Christian County,County
21049,Clark County,County
21051,Clay County,County
21053,Clinton County,County
21055,Crittenden County,County
21057,Cumberland County,County
21059,Daviess County,County
21061,Edmonson County,County
21063,Elliott County,County
21065,Estill County,County
21067,Fayette County,County
21069,Fleming County,County
21071,Floyd County,County
21073,Franklin County,County
21075,Fulton County,County
21077,Gallatin County,County
21079,Garrard County,County
21081,Grant County,County
21083,Graves County,County
21085,Grayson County,County
21087,Green County,County
21089,Greenup County,County
21091,Hancock County,County
21093,Hardin County,County
21095,Harlan County,County
21097,Harrison County,County
21099,Hart County,County
21101,Henderson County,County
21103,Henry County,County
21105,Hickman County,County
21107,Hopkins County,County
21109,Jackson County,County
21111,Jefferson County,County
21113,Jessamine County,County
21115,Johnson County,County
21117,Kenton County,County
21119,Knott County,County
21121,Knox County,County
21123,Larue County,County
21125,Laurel County,County
21127,Lawrence County,County
21129,Lee County,County
21131,Leslie County,County
21133,Letcher County,County
21135,Lewis County,County
21137,Lincoln County,County
21139,Livingston County,County
21141,Logan County,County
21143,Lyon County,County
21145,McCracken County,County
21147,McCreary County,County
21149,McLean County,County
21151,Madison County,County
21153,Magoffin County,County
21155,Marion County,County
21157,Marshall County,County
21159,Martin County,County
21161,Mason County,County
21163,Meade County,County
21165,Menifee County,County
21167,Mercer County,County
21169,Metcalfe County,County
21171,Monroe County,County
21173,Montgomery County,County
21175,Morgan County,County
21177,Muhlenberg County,County
21179,Nelson County,County
21181,Nicholas County,County
21183,Ohio County,County
21185,Oldham County,County
21187,Owen County,County
21189,Owsley County,County
21191,Pendleton County,County
21193,Perry County,County
21195,Pike County,County
21197,Powell County,County
21199,Pulaski County,County
21201,Robertson County,County
21203,Rockcastle County,County
21205,Rowan County,County
21207,Russell County,County
21209,Scott County,County
21211,Shelby County,County
21213,Simpson County,County
21215,Spencer County,County
21217,Taylor County,County
21219,Todd County,County
21221,Trigg County,County
21223,Trimble County,County
21225,Union County,County
21227,Warren County,County
21229,Washington County,County
21231,Wayne County,County
21233,Webster County,County
21235,Whitley County,County
21237,Wolfe County,County
21239,Woodford County,County
22000,Louisiana,County
22001,Acadia Parish,County
22003,Allen Parish,County
22005,Ascension Parish,County
22007,Assumption Parish,County
22009,Avoyelles Parish,County
22011,Beauregard Parish,County
22013,Bienville Parish,County
22015,Bossier Parish,County
22017,Caddo Parish,County
22019,Calcasieu Parish,County
22021,Caldwell Parish,County
22023,Cameron Parish,County
22025,Catahoula Parish,County
22027,Claiborne Parish,County
22029,Concordia Parish,County
22031,De Soto Parish,County
22033,East Baton Rouge Parish,County
22035,East Carroll Parish,County
22037,East Feliciana Parish,County
22039,Evangeline Parish,County
22041,Franklin Parish,County
22043,Grant Parish,County
22045,Iberia Parish,County
22047,Iberville Parish,County
22049,Jackson Parish,County
22051,Jefferson Parish,County
22053,Jefferson Davis Parish,County
22055,Lafayette Parish,County
22057,Lafourche Parish,County
22059,La Salle Parish,County
22061,Lincoln Parish,County
22063,Livingston Parish,County
22065,Madison Parish,County
22067,Morehouse Parish,County
22069,Natchitoches Parish,County
22071,Orleans Parish,County
22073,Ouachita Parish,County
22075,Plaquemines Parish,County
22077,Pointe Coupee Parish,County
22079,Rapides Parish,County
22081,Red River Parish,County
22083,Richland Parish,County
22085,Sabine Parish,County
22087,St. Bernard Parish,County
22089,St. Charles Parish,County
22091,St. Helena Parish,County
22093,St. James Parish,County
22095,St. John the Baptist Parish,County
22097,St. Landry Parish,County
22099,St. Martin Parish,County
22101,St. Mary Parish,County
22103,St. Tammany Parish,County
22105,Tangipahoa Parish,County
22107,Tensas Parish,County
22109,Terrebonne Parish,County
22111,Union Parish,County
22113,Vermilion Parish,County
22115,Vernon Parish,County
22117,Washington Parish,County
22119,Webster Parish,County
22121,West Baton Rouge Parish,County
22123,West Carroll Parish,County
22125,West Feliciana Parish,County
22127,Winn Parish,County
23000,Maine,County
23001,Androscoggin County,County
23003,Aroostook County,County
23005,Cumberland County,County
23007,Franklin County,County
23009,Hancock County,County
23011,Kennebec County,County
23013,Knox County,County
23015,Lincoln County,County
23017,Oxford County,County
23019,Penobscot County,County
23021,Piscataquis County,County
23023,Sagadahoc County,County
23025,Somerset County,County
23027,Waldo County,County
23029,Washington County,County
23031,York County,County
24000,Maryland,County
24001,Allegany County,County
24003,Anne Arundel County,County
24005,Baltimore County,County
24009,Calvert County,County
24011,Caroline County,County
24013,Carroll County,County
24015,Cecil County,County
24017,Charles County,County
24019,Dorchester County,County
24021,Frederick County,County
24023,Garrett County,County
24025,Harford County,County
24027,Howard County,County
24029,Kent County,County
24031,Montgomery County,County
24033,Prince George,County
24035,Queen Anne,County
24037,St. Mary,County
24039,Somerset County,County
24041,Talbot County,County
24043,Washington County,County
24045,Wicomico County,County
24047,Worcester County,County
24510,Baltimore city,County
25000,Massachusetts,County
25001,Barnstable County,County
25003,Berkshire County,County
25005,Bristol County,County
25007,Dukes County,County
25009,Essex County,County
25011,Franklin County,County
25013,Hampden County,County
25015,Hampshire County,County
25017,Middlesex County,County
25019,Nantucket County,County
25021,Norfolk County,County
25023,Plymouth County,County
25025,Suffolk County,County
25027,Worcester County,County
26000,Michigan,County
26001,Alcona County,County
26003,Alger County,County
26005,Allegan County,County
26007,Alpena County,County
26009,Antrim County,County
26011,Arenac County,County
26013,Baraga County,County
26015,Barry County,County
26017,Bay County,County
26019,Benzie County,County
26021,Berrien County,County
26023,Branch County,County
26025,Calhoun County,County
26027,Cass County,County
26029,Charlevoix County,County
26031,Cheboygan County,County
26033,Chippewa County,County
26035,Clare County,County
26037,Clinton County,County
26039,Crawford County,County
26041,Delta County,County
26043,Dickinson County,County
26045,Eaton County,County
26047,Emmet County,County
26049,Genesee County,County
26051,Gladwin County,County
26053,Gogebic County,County
26055,Grand Traverse County,County
26057,Gratiot County,County
26059,Hillsdale County,County
26061,Houghton County,County
26063,Huron County,County
26065,Ingham County,County
26067,Ionia County,County
26069,Iosco County,County
26071,Iron County,County
26073,Isabella County,County
26075,Jackson County,County
26077,Kalamazoo County,County
26079,Kalkaska County,County
26081,Kent County,County
26083,Keweenaw County,County
26085,Lake County,County
26087,Lapeer County,County
26089,Leelanau County,County
26091,Lenawee County,County
26093,Livingston County,County
26095,Luce County,County
26097,Mackinac County,County
26099,Macomb County,County
26101,Manistee County,County
26103,Marquette County,County
26105,Mason County,County
26107,Mecosta County,County
26109,Menominee County,County
26111,Midland County,County
26113,Missaukee County,County
26115,Monroe County,County
26117,Montcalm County,County
26119,Montmorency County,County
26121,Muskegon County,County
26123,Newaygo County,County
26125,Oakland County,County
26127,Oceana County,County
26129,Ogemaw County,County
26131,Ontonagon County,County
26133,Osceola County,County
26135,Oscoda County,County
26137,Otsego County,County
26139,Ottawa County,County
26141,Presque Isle County,County
26143,Roscommon County,County
26145,Saginaw County,County
26147,St. Clair County,County
26149,St. Joseph County,County
26151,Sanilac County,County
26153,Schoolcraft County,County
26155,Shiawassee County,County
26157,Tuscola County,County
26159,Van Buren County,County
26161,Washtenaw County,County
26163,Wayne County,County
26165,Wexford County,County
27000,Minnesota,County
27001,Aitkin County,County
27003,Anoka County,County
27005,Becker County,County
27007,Beltrami County,County
27009,Benton County,County
27011,Big Stone County,County
27013,Blue Earth County,County
27015,Brown County,County
27017,Carlton County,County
27019,Carver County,County
27021,Cass County,County
27023,Chippewa County,County
27025,Chisago County,County
27027,Clay County,County
27029,Clearwater County,County
27031,Cook County,County
27033,Cottonwood County,County
27035,Crow Wing County,County
27037,Dakota County,County
27039,Dodge County,County
27041,Douglas County,County
27043,Faribault County,County
27045,Fillmore County,County
27047,Freeborn County,County
27049,Goodhue County,County
27051,Grant County,County
27053,Hennepin County,County
27055,Houston County,County
27057,Hubbard County,County
27059,Isanti County,County
27061,Itasca County,County
27063,Jackson County,County
27065,Kanabec County,County
27067,Kandiyohi County,County
27069,Kittson County,County
27071,Koochiching County,County
27073,Lac qui Parle County,County
27075,Lake County,County
27077,Lake of the Woods County,County
27079,Le Sueur County,County
27081,Lincoln County,County
27083,Lyon County,County
27085,McLeod County,County
27087,Mahnomen County,County
27089,Marshall County,County
27091,Martin County,County
27093,Meeker County,County
27095,Mille Lacs County,County
27097,Morrison County,County
27099,Mower County,County
27101,Murray County,County
27103,Nicollet County,County
27105,Nobles County,County
27107,Norman County,County
27109,Olmsted County,County
27111,Otter Tail County,County
27113,Pennington County,County
27115,Pine County,County
27117,Pipestone County,County
27119,Polk County,County
27121,Pope County,County
27123,Ramsey County,County
27125,Red Lake County,County
27127,Redwood County,County
27129,Renville County,County
27131,Rice County,County
27133,Rock County,County
27135,Roseau County,County
27137,St. Louis County,County
27139,Scott County,County
27141,Sherburne County,County
27143,Sibley County,County
27145,Stearns County,County
27147,Steele County,County
27149,Stevens County,County
27151,Swift County,County
27153,Todd County,County
27155,Traverse County,County
27157,Wabasha County,County
27159,Wadena County,County
27161,Waseca County,County
27163,Washington County,County
27165,Watonwan County,County
27167,Wilkin County,County
27169,Winona County,County
27171,Wright County,County
27173,Yellow Medicine County,County
28000,Mississippi,County
28001,Adams County,County
28003,Alcorn County,County
28005,Amite County,County
28007,Attala County,County
28009,Benton County,County
28011,Bolivar County,County
28013,Calhoun County,County
28015,Carroll County,County
28017,Chickasaw County,County
28019,Choctaw County,County
28021,Claiborne County,County
28023,Clarke County,County
28025,Clay County,County
28027,Coahoma County,County
28029,Copiah County,County
28031,Covington County,County
28033,DeSoto County,County
28035,Forrest County,County
28037,Franklin County,County
28039,George County,County
28041,Greene County,County
28043,Grenada County,County
28045,Hancock County,County
28047,Harrison County,County
28049,Hinds County,County
28051,Holmes County,County
28053,Humphreys County,County
28055,Issaquena County,County
28057,Itawamba County,County
28059,Jackson County,County
28061,Jasper County,County
28063,Jefferson County,County
28065,Jefferson Davis County,County
28067,Jones County,County
28069,Kemper County,County
28071,Lafayette County,County
28073,Lamar County,County
28075,Lauderdale County,County
28077,Lawrence County,County
28079,Leake County,County
28081,Lee County,County
28083,Leflore County,County
28085,Lincoln County,County
28087,Lowndes County,County
28089,Madison County,County
28091,Marion County,County
28093,Marshall County,County
28095,Monroe County,County
28097,Montgomery County,County
28099,Neshoba County,County
28101,Newton County,County
28103,Noxubee County,County
28105,Oktibbeha County,County
28107,Panola County,County
28109,Pearl River County,County
28111,Perry County,County
28113,Pike County,County
28115,Pontotoc County,County
28117,Prentiss County,County
28119,Quitman County,County
28121,Rankin County,County
28123,Scott County,County
28125,Sharkey County,County
28127,Simpson County,County
28129,Smith County,County
28131,Stone County,County
28133,Sunflower County,County
28135,Tallahatchie County,County
28137,Tate County,County
28139,Tippah County,County
28141,Tishomingo County,County
28143,Tunica County,County
28145,Union County,County
28147,Walthall County,County
28149,Warren County,County
28151,Washington County,County
28153,Wayne County,County
28155,Webster County,County
28157,Wilkinson County,County
28159,Winston County,County
28161,Yalobusha County,County
28163,Yazoo County,County
29000,Missouri,County
29001,Adair County,County
29003,Andrew County,County
29005,Atchison County,County
29007,Audrain County,County
29009,Barry County,County
29011,Barton County,County
29013,Bates County,County
29015,Benton County,County
29017,Bollinger County,County
29019,Boone County,County
29021,Buchanan County,County
29023,Butler County,County
29025,Caldwell County,County
29027,Callaway County,County
29029,Camden County,County
29031,Cape Girardeau County,County
29033,Carroll County,County
29035,Carter County,County
29037,Cass County,County
29039,Cedar County,County
29041,Chariton County,County
29043,Christian County,County
29045,Clark County,County
29047,Clay County,County
29049,Clinton County,County
29051,Cole County,County
29053,Cooper County,County
29055,Crawford County,County
29057,Dade County,County
29059,Dallas County,County
29061,Daviess County,County
29063,DeKalb County,County
29065,Dent County,County
29067,Douglas County,County
29069,Dunklin County,County
29071,Franklin County,County
29073,Gasconade County,County
29075,Gentry County,County
29077,Greene County,County
29079,Grundy County,County
29081,Harrison County,County
29083,Henry County,County
29085,Hickory County,County
29087,Holt County,County
29089,Howard County,County
29091,Howell County,County
29093,Iron County,County
29095,Jackson County,County
29097,Jasper County,County
29099,Jefferson County,County
29101,Johnson County,County
29103,Knox County,County
29105,Laclede County,County
29107,Lafayette County,County
29109,Lawrence County,County
29111,Lewis County,County
29113,Lincoln County,County
29115,Linn County,County
29117,Livingston County,County
29119,McDonald County,County
29121,Macon County,County
29123,Madison County,County
29125,Maries County,County
29127,Marion County,County
29129,Mercer County,County
29131,Miller County,County
29133,Mississippi County,County
29135,Moniteau County,County
29137,Monroe County,County
29139,Montgomery County,County
29141,Morgan County,County
29143,New Madrid County,County
29145,Newton County,County
29147,Nodaway County,County
29149,Oregon County,County
29151,Osage County,County
29153,Ozark County,County
29155,Pemiscot County,County
29157,Perry County,County
29159,Pettis County,County
29161,Phelps County,County
29163,Pike County,County
29165,Platte County,County
29167,Polk County,County
29169,Pulaski County,County
29171,Putnam County,County
29173,Ralls County,County
29175,Randolph County,County
29177,Ray County,County
29179,Reynolds County,County
29181,Ripley County,County
29183,St. Charles County,County
29185,St. Clair County,County
29186,Ste. Genevieve County,County
29187,St. Francois County,County
29189,St. Louis County,County
29195,Saline County,County
29197,Schuyler County,County
29199,Scotland County,County
29201,Scott County,County
29203,Shannon County,County
29205,Shelby County,County
29207,Stoddard County,County
29209,Stone County,County
29211,Sullivan County,County
29213,Taney County,County
29215,Texas County,County
29217,Vernon County,County
29219,Warren County,County
29221,Washington County,County
29223,Wayne County,County
29225,Webster County,County
29227,Worth County,County
29229,Wright County,County
29510,St. Louis city,County
30000,Montana,County
30001,Beaverhead County,County
30003,Big Horn County,County
30005,Blaine County,County
30007,Broadwater County,County
30009,Carbon County,County
30011,Carter County,County
30013,Cascade County,County
30015,Chouteau County,County
30017,Custer County,County
30019,Daniels County,County
30021,Dawson County,County
30023,Deer Lodge County,County
30025,Fallon County,County
30027,Fergus County,County
30029,Flathead County,County
30031,Gallatin County,County
30033,Garfield County,County
30035,Glacier County,County
30037,Golden Valley County,County
30039,Granite County,County
30041,Hill County,County
30043,Jefferson County,County
30045,Judith Basin County,County
30047,Lake County,County
30049,Lewis and Clark County,County
30051,Liberty County,County
30053,Lincoln County,County
30055,McCone County,County
30057,Madison County,County
30059,Meagher County,County
30061,Mineral County,County
30063,Missoula County,County
30065,Musselshell County,County
30067,Park County,County
30069,Petroleum County,County
30071,Phillips County,County
30073,Pondera County,County
30075,Powder River County,County
30077,Powell County,County
30079,Prairie County,County
30081,Ravalli County,County
30083,Richland County,County
30085,Roosevelt County,County
30087,Rosebud County,County
30089,Sanders County,County
30091,Sheridan County,County
30093,Silver Bow County,County
30095,Stillwater County,County
30097,Sweet Grass County,County
30099,Teton County,County
30101,Toole County,County
30103,Treasure County,County
30105,Valley County,County
30107,Wheatland County,County
30109,Wibaux County,County
30111,Yellowstone County,County
30113,Yellowstone National Park,County
31000,Nebraska,County
31001,Adams County,County
31003,Antelope County,County
31005,Arthur County,County
31007,Banner County,County
31009,Blaine County,County
31011,Boone County,County
31013,Box Butte County,County
31015,Boyd County,County
31017,Brown County,County
31019,Buffalo County,County
31021,Burt County,County
31023,Butler County,County
31025,Cass County,County
31027,Cedar County,County
31029,Chase County,County
31031,Cherry County,County
31033,Cheyenne County,County
31035,Clay County,County
31037,Colfax County,County
31039,Cuming County,County
31041,Custer County,County
31043,Dakota County,County
31045,Dawes County,County
31047,Dawson County,County
31049,Deuel County,County
31051,Dixon County,County
31053,Dodge County,County
31055,Douglas County,County
31057,Dundy County,County
31059,Fillmore County,County
31061,Franklin County,County
31063,Frontier County,County
31065,Furnas County,County
31067,Gage County,County
31069,Garden County,County
31071,Garfield County,County
31073,Gosper County,County
31075,Grant County,County
31077,Greeley County,County
31079,Hall County,County
31081,Hamilton County,County
31083,Harlan County,County
31085,Hayes County,County
31087,Hitchcock County,County
31089,Holt County,County
31091,Hooker County,County
31093,Howard County,County
31095,Jefferson County,County
31097,Johnson County,County
31099,Kearney County,County
31101,Keith County,County
31103,Keya Paha County,County
31105,Kimball County,County
31107,Knox County,County
31109,Lancaster County,County
31111,Lincoln County,County
31113,Logan County,County
31115,Loup County,County
31117,McPherson County,County
31119,Madison County,County
31121,Merrick County,County
31123,Morrill County,County
31125,Nance County,County
31127,Nemaha County,County
31129,Nuckolls County,County
31131,Otoe County,County
31133,Pawnee County,County
31135,Perkins County,County
31137,Phelps County,County
31139,Pierce County,County
31141,Platte County,County
31143,Polk County,County
31145,Red Willow County,County
31147,Richardson County,County
31149,Rock County,County
31151,Saline County,County
31153,Sarpy County,County
31155,Saunders County,County
31157,Scotts Bluff County,County
31159,Seward County,County
31161,Sheridan County,County
31163,Sherman County,County
31165,Sioux County,County
31167,Stanton County,County
31169,Thayer County,County
31171,Thomas County,County
31173,Thurston County,County
31175,Valley County,County
31177,Washington County,County
31179,Wayne County,County
31181,Webster County,County
31183,Wheeler County,County
31185,York County,County
32000,Nevada,County
32001,Churchill County,County
32003,Clark County,County
32005,Douglas County,County
32007,Elko County,County
32009,Esmeralda County,County
32011,Eureka County,County
32013,Humboldt County,County
32015,Lander County,County
32017,Lincoln County,County
32019,Lyon County,County
32021,Mineral County,County
32023,Nye County,County
32027,Pershing County,County
32029,Storey County,County
32031,Washoe County,County
32033,White Pine County,County
32510,Carson City,County
33000,New Hampshire,County
33001,Belknap County,County
33003,Carroll County,County
33005,Cheshire County,County
33007,Coos County,County
33009,Grafton County,County
33011,Hillsborough County,County
33013,Merrimack County,County
33015,Rockingham County,County
33017,Strafford County,County
33019,Sullivan County,County
34000,New Jersey,County
34001,Atlantic County,County
34003,Bergen County,County
34005,Burlington County,County
34007,Camden County,County
34009,Cape May County,County
34011,Cumberland County,County
34013,Essex County,County
34015,Gloucester County,County
34017,Hudson County,County
34019,Hunterdon County,County
34021,Mercer County,County
34023,Middlesex County,County
34025,Monmouth County,County
34027,Morris County,County
34029,Ocean County,County
34031,Passaic County,County
34033,Salem County,County
34035,Somerset County,County
34037,Sussex County,County
34039,Union County,County
34041,Warren County,County
35000,New Mexico,County
35001,Bernalillo County,County
35003,Catron County,County
35005,Chaves County,County
35006,Cibola County,County
35007,Colfax County,County
35009,Curry County,County
35011,DeBaca County,County
35013,Dona Ana County,County
35015,Eddy County,County
35017,Grant County,County
35019,Guadalupe County,County
35021,Harding County,County
35023,Hidalgo County,County
35025,Lea County,County
35027,Lincoln County,County
35028,Los Alamos County,County
35029,Luna County,County
35031,McKinley County,County
35033,Mora County,County
35035,Otero County,County
35037,Quay County,County
35039,Rio Arriba County,County
35041,Roosevelt County,County
35043,Sandoval County,County
35045,San Juan County,County
35047,San Miguel County,County
35049,Santa Fe County,County
35051,Sierra County,County
35053,Socorro County,County
35055,Taos County,County
35057,Torrance County,County
35059,Union County,County
35061,Valencia County,County
36000,New York,County
36001,Albany County,County
36003,Allegany County,County
36005,Bronx County,County
36007,Broome County,County
36009,Cattaraugus County,County
36011,Cayuga County,County
36013,Chautauqua County,County
36015,Chemung County,County
36017,Chenango County,County
36019,Clinton County,County
36021,Columbia County,County
36023,Cortland County,County
36025,Delaware County,County
36027,Dutchess County,County
36029,Erie County,County
36031,Essex County,County
36033,Franklin County,County
36035,Fulton County,County
36037,Genesee County,County
36039,Greene County,County
36041,Hamilton County,County
36043,Herkimer County,County
36045,Jefferson County,County
36047,Kings County,County
36049,Lewis County,County
36051,Livingston County,County
36053,Madison County,County
36055,Monroe County,County
36057,Montgomery County,County
36059,Nassau County,County
36061,New York County,County
36063,Niagara County,County
36065,Oneida County,County
36067,Onondaga County,County
36069,Ontario County,County
36071,Orange County,County
36073,Orleans County,County
36075,Oswego County,County
36077,Otsego County,County
36079,Putnam County,County
36081,Queens County,County
36083,Rensselaer County,County
36085,Richmond County,County
36087,Rockland County,County
36089,St. Lawrence County,County
36091,Saratoga County,County
36093,Schenectady County,County
36095,Schoharie County,County
36097,Schuyler County,County
36099,Seneca County,County
36101,Steuben County,County
36103,Suffolk County,County
36105,Sullivan County,County
36107,Tioga County,County
36109,Tompkins County,County
36111,Ulster County,County
36113,Warren County,County
36115,Washington County,County
36117,Wayne County,County
36119,Westchester County,County
36121,Wyoming County,County
36123,Yates County,County
37000,North Carolina,County
37001,Alamance County,County
37003,Alexander County,County
37005,Alleghany County,County
37007,Anson County,County
37009,Ashe County,County
37011,Avery County,County
37013,Beaufort County,County
37015,Bertie County,County
37017,Bladen County,County
37019,Brunswick County,County
37021,Buncombe County,County
37023,Burke County,County
37025,Cabarrus County,County
37027,Caldwell County,County
37029,Camden County,County
37031,Carteret County,County
37033,Caswell County,County
37035,Catawba County,County
37037,Chatham County,County
37039,Cherokee County,County
37041,Chowan County,County
37043,Clay County,County
37045,Cleveland County,County
37047,Columbus County,County
37049,Craven County,County
37051,Cumberland County,County
37053,Currituck County,County
37055,Dare County,County
37057,Davidson County,County
37059,Davie County,County
37061,Duplin County,County
37063,Durham County,County
37065,Edgecombe County,County
37067,Forsyth County,County
37069,Franklin County,County
37071,Gaston County,County
37073,Gates County,County
37075,Graham County,County
37077,Granville County,County
37079,Greene County,County
37081,Guilford County,County
37083,Halifax County,County
37085,Harnett County,County
37087,Haywood County,County
37089,Henderson County,County
37091,Hertford County,County
37093,Hoke County,County
37095,Hyde County,County
37097,Iredell County,County
37099,Jackson County,County
37101,Johnston County,County
37103,Jones County,County
37105,Lee County,County
37107,Lenoir County,County
37109,Lincoln County,County
37111,McDowell County,County
37113,Macon County,County
37115,Madison County,County
37117,Martin County,County
37119,Mecklenburg County,County
37121,Mitchell County,County
37123,Montgomery County,County
37125,Moore County,County
37127,Nash County,County
37129,New Hanover County,County
37131,Northampton County,County
37133,Onslow County,County
37135,Orange County,County
37137,Pamlico County,County
37139,Pasquotank County,County
37141,Pender County,County
37143,Perquimans County,County
37145,Person County,County
37147,Pitt County,County
37149,Polk County,County
37151,Randolph County,County
37153,Richmond County,County
37155,Robeson County,County
37157,Rockingham County,County
37159,Rowan County,County
37161,Rutherford County,County
37163,Sampson County,County
37165,Scotland County,County
37167,Stanly County,County
37169,Stokes County,County
37171,Surry County,County
37173,Swain County,County
37175,Transylvania County,County
37177,Tyrrell County,County
37179,Union County,County
37181,Vance County,County
37183,Wake County,County
37185,Warren County,County
37187,Washington County,County
37189,Watauga County,County
37191,Wayne County,County
37193,Wilkes County,County
37195,Wilson County,County
37197,Yadkin County,County
37199,Yancey County,County
38000,North Dakota,County
38001,Adams County,County
38003,Barnes County,County
38005,Benson County,County
38007,Billings County,County
38009,Bottineau County,County
38011,Bowman County,County
38013,Burke County,County
38015,Burleigh County,County
38017,Cass County,County
38019,Cavalier County,County
38021,Dickey County,County
38023,Divide County,County
38025,Dunn County,County
38027,Eddy County,County
38029,Emmons County,County
38031,Foster County,County
38033,Golden Valley County,County
38035,Grand Forks County,County
38037,Grant County,County
38039,Griggs County,County
38041,Hettinger County,County
38043,Kidder County,County
38045,LaMoure County,County
38047,Logan County,County
38049,McHenry County,County
38051,McIntosh County,County
38053,McKenzie County,County
38055,McLean County,County
38057,Mercer County,County
38059,Morton County,County
38061,Mountrail County,County
38063,Nelson County,County
38065,Oliver County,County
38067,Pembina County,County
38069,Pierce County,County
38071,Ramsey County,County
38073,Ransom County,County
38075,Renville County,County
38077,Richland County,County
38079,Rolette County,County
38081,Sargent County,County
38083,Sheridan County,County
38085,Sioux County,County
38087,Slope County,County
38089,Stark County,County
38091,Steele County,County
38093,Stutsman County,County
38095,Towner County,County
38097,Traill County,County
38099,Walsh County,County
38101,Ward County,County
38103,Wells County,County
38105,Williams County,County
39000,Ohio,County
39001,Adams County,County
39003,Allen County,County
39005,Ashland County,County
39007,Ashtabula County,County
39009,Athens County,County
39011,Auglaize County,County
39013,Belmont County,County
39015,Brown County,County
39017,Butler County,County
39019,Carroll County,County
39021,Champaign County,County
39023,Clark County,County
39025,Clermont County,County
39027,Clinton County,County
39029,Columbiana County,County
39031,Coshocton County,County
39033,Crawford County,County
39035,Cuyahoga County,County
39037,Darke County,County
39039,Defiance County,County
39041,Delaware County,County
39043,Erie County,County
39045,Fairfield County,County
39047,Fayette County,County
39049,Franklin County,County
39051,Fulton County,County
39053,Gallia County,County
39055,Geauga County,County
39057,Greene County,County
39059,Guernsey County,County
39061,Hamilton County,County
39063,Hancock County,County
39065,Hardin County,County
39067,Harrison County,County
39069,Henry County,County
39071,Highland County,County
39073,Hocking County,County
39075,Holmes County,County
39077,Huron County,County
39079,Jackson County,County
39081,Jefferson County,County
39083,Knox County,County
39085,Lake County,County
39087,Lawrence County,County
39089,Licking County,County
39091,Logan County,County
39093,Lorain County,County
39095,Lucas County,County
39097,Madison County,County
39099,Mahoning County,County
39101,Marion County,County
39103,Medina County,County
39105,Meigs County,County
39107,Mercer County,County
39109,Miami County,County
39111,Monroe County,County
39113,Montgomery County,County
39115,Morgan County,County
39117,Morrow County,County
39119,Muskingum County,County
39121,Noble County,County
39123,Ottawa County,County
39125,Paulding County,County
39127,Perry County,County
39129,Pickaway County,County
39131,Pike County,County
39133,Portage County,County
39135,Preble County,County
39137,Putnam County,County
39139,Richland County,County
39141,Ross County,County
39143,Sandusky County,County
39145,Scioto County,County
39147,Seneca County,County
39149,Shelby County,County
39151,Stark County,County
39153,Summit County,County
39155,Trumbull County,County
39157,Tuscarawas County,County
39159,Union County,County
39161,Van Wert County,County
39163,Vinton County,County
39165,Warren County,County
39167,Washington County,County
39169,Wayne County,County
39171,Williams County,County
39173,Wood County,County
39175,Wyandot County,County
40000,Oklahoma,County
40001,Adair County,County
40003,Alfalfa County,County
40005,Atoka County,County
40007,Beaver County,County
40009,Beckham County,County
40011,Blaine County,County
40013,Bryan County,County
40015,Caddo County,County
40017,Canadian County,County
40019,Carter County,County
40021,Cherokee County,County
40023,Choctaw County,County
40025,Cimarron County,County
40027,Cleveland County,County
40029,Coal County,County
40031,Comanche County,County
40033,Cotton County,County
40035,Craig County,County
40037,Creek County,County
40039,Custer County,County
40041,Delaware County,County
40043,Dewey County,County
40045,Ellis County,County
40047,Garfield County,County
40049,Garvin County,County
40051,Grady County,County
40053,Grant County,County
40055,Greer County,County
40057,Harmon County,County
40059,Harper County,County
40061,Haskell County,County
40063,Hughes County,County
40065,Jackson County,County
40067,Jefferson County,County
40069,Johnston County,County
40071,Kay County,County
40073,Kingfisher County,County
40075,Kiowa County,County
40077,Latimer County,County
40079,Le Flore County,County
40081,Lincoln County,County
40083,Logan County,County
40085,Love County,County
40087,McClain County,County
40089,McCurtain County,County
40091,McIntosh County,County
40093,Major County,County
40095,Marshall County,County
40097,Mayes County,County
40099,Murray County,County
40101,Muskogee County,County
40103,Noble County,County
40105,Nowata County,County
40107,Okfuskee County,County
40109,Oklahoma County,County
40111,Okmulgee County,County
40113,Osage County,County
40115,Ottawa County,County
40117,Pawnee County,County
40119,Payne County,County
40121,Pittsburg County,County
40123,Pontotoc County,County
40125,Pottawatomie County,County
40127,Pushmataha County,County
40129,Roger Mills County,County
40131,Rogers County,County
40133,Seminole County,County
40135,Sequoyah County,County
40137,Stephens County,County
40139,Texas County,County
40141,Tillman County,County
40143,Tulsa County,County
40145,Wagoner County,County
40147,Washington County,County
40149,Washita County,County
40151,Woods County,County
40153,Woodward County,County
41000,Oregon,County
41001,Baker County,County
41003,Benton County,County
41005,Clackamas County,County
41007,Clatsop County,County
41009,Columbia County,County
41011,Coos County,County
41013,Crook County,County
41015,Curry County,County
41017,Deschutes County,County
41019,Douglas County,County
41021,Gilliam County,County
41023,Grant County,County
41025,Harney County,County
41027,Hood River County,County
41029,Jackson County,County
41031,Jefferson County,County
41033,Josephine County,County
41035,Klamath County,County
41037,Lake County,County
41039,Lane County,County
41041,Lincoln County,County
41043,Linn County,County
41045,Malheur County,County
41047,Marion County,County
41049,Morrow County,County
41051,Multnomah County,County
41053,Polk County,County
41055,Sherman County,County
41057,Tillamook County,County
41059,Umatilla County,County
41061,Union County,County
41063,Wallowa County,County
41065,Wasco County,County
41067,Washington County,County
41069,Wheeler County,County
41071,Yamhill County,County
42000,Pennsylvania,County
42001,Adams County,County
42003,Allegheny County,County
42005,Armstrong County,County
42007,Beaver County,County
42009,Bedford County,County
42011,Berks County,County
42013,Blair County,County
42015,Bradford County,County
42017,Bucks County,County
42019,Butler County,County
42021,Cambria County,County
42023,Cameron County,County
42025,Carbon County,County
42027,Centre County,County
42029,Chester County,County
42031,Clarion County,County
42033,Clearfield County,County
42035,Clinton County,County
42037,Columbia County,County
42039,Crawford County,County
42041,Cumberland County,County
42043,Dauphin County,County
42045,Delaware County,County
42047,Elk County,County
42049,Erie County,County
42051,Fayette County,County
42053,Forest County,County
42055,Franklin County,County
42057,Fulton County,County
42059,Greene County,County
42061,Huntingdon County,County
42063,Indiana County,County
42065,Jefferson County,County
42067,Juniata County,County
42069,Lackawanna County,County
42071,Lancaster County,County
42073,Lawrence County,County
42075,Lebanon County,County
42077,Lehigh County,County
42079,Luzerne County,County
42081,Lycoming County,County
42083,Mc Kean County,County
42085,Mercer County,County
42087,Mifflin County,County
42089,Monroe County,County
42091,Montgomery County,County
42093,Montour County,County
42095,Northampton County,County
42097,Northumberland County,County
42099,Perry County,County
42101,Philadelphia County,County
42103,Pike County,County
42105,Potter County,County
42107,Schuylkill County,County
42109,Snyder County,County
42111,Somerset County,County
42113,Sullivan County,County
42115,Susquehanna County,County
42117,Tioga County,County
42119,Union County,County
42121,Venango County,County
42123,Warren County,County
42125,Washington County,County
42127,Wayne County,County
42129,Westmoreland County,County
42131,Wyoming County,County
42133,York County,County
44000,Rhode Island,County
44001,Bristol County,County
44003,Kent County,County
44005,Newport County,County
44007,Providence County,County
44009,Washington County,County
45000,South Carolina,County
45001,Abbeville County,County
45003,Aiken County,County
45005,Allendale County,County
45007,Anderson County,County
45009,Bamberg County,County
45011,Barnwell County,County
45013,Beaufort County,County
45015,Berkeley County,County
45017,Calhoun County,County
45019,Charleston County,County
45021,Cherokee County,County
45023,Chester County,County
45025,Chesterfield County,County
45027,Clarendon County,County
45029,Colleton County,County
45031,Darlington County,County
45033,Dillon County,County
45035,Dorchester County,County
45037,Edgefield County,County
45039,Fairfield County,County
45041,Florence County,County
45043,Georgetown County,County
45045,Greenville County,County
45047,Greenwood County,County
45049,Hampton County,County
45051,Horry County,County
45053,Jasper County,County
45055,Kershaw County,County
45057,Lancaster County,County
45059,Laurens County,County
45061,Lee County,County
45063,Lexington County,County
45065,McCormick County,County
45067,Marion County,County
45069,Marlboro County,County
45071,Newberry County,County
45073,Oconee County,County
45075,Orangeburg County,County
45077,Pickens County,County
45079,Richland County,County
45081,Saluda County,County
45083,Spartanburg County,County
45085,Sumter County,County
45087,Union County,County
45089,Williamsburg County,County
45091,York County,County
46000,South Dakota,County
46003,Aurora County,County
46005,Beadle County,County
46007,Bennett County,County
46009,Bon Homme County,County
46011,Brookings County,County
46013,Brown County,County
46015,Brule County,County
46017,Buffalo County,County
46019,Butte County,County
46021,Campbell County,County
46023,Charles Mix County,County
46025,Clark County,County
46027,Clay County,County
46029,Codington County,County
46031,Corson County,County
46033,Custer County,County
46035,Davison County,County
46037,Day County,County
46039,Deuel County,County
46041,Dewey County,County
46043,Douglas County,County
46045,Edmunds County,County
46047,Fall River County,County
46049,Faulk County,County
46051,Grant County,County
46053,Gregory County,County
46055,Haakon County,County
46057,Hamlin County,County
46059,Hand County,County
46061,Hanson County,County
46063,Harding County,County
46065,Hughes County,County
46067,Hutchinson County,County
46069,Hyde County,County
46071,Jackson County,County
46073,Jerauld County,County
46075,Jones County,County
46077,Kingsbury County,County
46079,Lake County,County
46081,Lawrence County,County
46083,Lincoln County,County
46085,Lyman County,County
46087,McCook County,County
46089,McPherson County,County
46091,Marshall County,County
46093,Meade County,County
46095,Mellette County,County
46097,Miner County,County
46099,Minnehaha County,County
46101,Moody County,County
46103,Pennington County,County
46105,Perkins County,County
46107,Potter County,County
46109,Roberts County,County
46111,Sanborn County,County
46113,Shannon County,County
46115,Spink County,County
46117,Stanley County,County
46119,Sully County,County
46121,Todd County,County
46123,Tripp County,County
46125,Turner County,County
46127,Union County,County
46129,Walworth County,County
46135,Yankton County,County
46137,Ziebach County,County
47000,Tennessee,County
47001,Anderson County,County
47003,Bedford County,County
47005,Benton County,County
47007,Bledsoe County,County
47009,Blount County,County
47011,Bradley County,County
47013,Campbell County,County
47015,Cannon County,County
47017,Carroll County,County
47019,Carter County,County
47021,Cheatham County,County
47023,Chester County,County
47025,Claiborne County,County
47027,Clay County,County
47029,Cocke County,County
47031,Coffee County,County
47033,Crockett County,County
47035,Cumberland County,County
47037,Davidson County,County
47039,Decatur County,County
47041,DeKalb County,County
47043,Dickson County,County
47045,Dyer County,County
47047,Fayette County,County
47049,Fentress County,County
47051,Franklin County,County
47053,Gibson County,County
47055,Giles County,County
47057,Grainger County,County
47059,Greene County,County
47061,Grundy County,County
47063,Hamblen County,County
47065,Hamilton County,County
47067,Hancock County,County
47069,Hardeman County,County
47071,Hardin County,County
47073,Hawkins County,County
47075,Haywood County,County
47077,Henderson County,County
47079,Henry County,County
47081,Hickman County,County
47083,Houston County,County
47085,Humphreys County,County
47087,Jackson County,County
47089,Jefferson County,County
47091,Johnson County,County
47093,Knox County,County
47095,Lake County,County
47097,Lauderdale County,County
47099,Lawrence County,County
47101,Lewis County,County
47103,Lincoln County,County
47105,Loudon County,County
47107,McMinn County,County
47109,McNairy County,County
47111,Macon County,County
47113,Madison County,County
47115,Marion County,County
47117,Marshall County,County
47119,Maury County,County
47121,Meigs County,County
47123,Monroe County,County
47125,Montgomery County,County
47127,Moore County,County
47129,Morgan County,County
47131,Obion County,County
47133,Overton County,County
47135,Perry County,County
47137,Pickett County,County
47139,Polk County,County
47141,Putnam County,County
47143,Rhea County,County
47145,Roane County,County
47147,Robertson County,County
47149,Rutherford County,County
47151,Scott County,County
47153,Sequatchie County,County
47155,Sevier County,County
47157,Shelby County,County
47159,Smith County,County
47161,Stewart County,County
47163,Sullivan County,County
47165,Sumner County,County
47167,Tipton County,County
47169,Trousdale County,County
47171,Unicoi County,County
47173,Union County,County
47175,Van Buren County,County
47177,Warren County,County
47179,Washington County,County
47181,Wayne County,County
47183,Weakley County,County
47185,White County,County
47187,Williamson County,County
47189,Wilson County,County
48000,Texas,County
48001,Anderson County,County
48003,Andrews County,County
48005,Angelina County,County
48007,Aransas County,County
48009,Archer County,County
48011,Armstrong County,County
48013,Atascosa County,County
48015,Austin County,County
48017,Bailey County,County
48019,Bandera County,County
48021,Bastrop County,County
48023,Baylor County,County
48025,Bee County,County
48027,Bell County,County
48029,Bexar County,County
48031,Blanco County,County
48033,Borden County,County
48035,Bosque County,County
48037,Bowie County,County
48039,Brazoria County,County
48041,Brazos County,County
48043,Brewster County,County
48045,Briscoe County,County
48047,Brooks County,County
48049,Brown County,County
48051,Burleson County,County
48053,Burnet County,County
48055,Caldwell County,County
48057,Calhoun County,County
48059,Callahan County,County
48061,Cameron County,County
48063,Camp County,County
48065,Carson County,County
48067,Cass County,County
48069,Castro County,County
48071,Chambers County,County
48073,Cherokee County,County
48075,Childress County,County
48077,Clay County,County
48079,Cochran County,County
48081,Coke County,County
48083,Coleman County,County
48085,Collin County,County
48087,Collingsworth County,County
48089,Colorado County,County
48091,Comal County,County
48093,Comanche County,County
48095,Concho County,County
48097,Cooke County,County
48099,Coryell County,County
48101,Cottle County,County
48103,Crane County,County
48105,Crockett County,County
48107,Crosby County,County
48109,Culberson County,County
48111,Dallam County,County
48113,Dallas County,County
48115,Dawson County,County
48117,Deaf Smith County,County
48119,Delta County,County
48121,Denton County,County
48123,DeWitt County,County
48125,Dickens County,County
48127,Dimmit County,County
48129,Donley County,County
48131,Duval County,County
48133,Eastland County,County
48135,Ector County,County
48137,Edwards County,County
48139,Ellis County,County
48141,El Paso County,County
48143,Erath County,County
48145,Falls County,County
48147,Fannin County,County
48149,Fayette County,County
48151,Fisher County,County
48153,Floyd County,County
48155,Foard County,County
48157,Fort Bend County,County
48159,Franklin County,County
48161,Freestone County,County
48163,Frio County,County
48165,Gaines County,County
48167,Galveston County,County
48169,Garza County,County
48171,Gillespie County,County
48173,Glasscock County,County
48175,Goliad County,County
48177,Gonzales County,County
48179,Gray County,County
48181,Grayson County,County
48183,Gregg County,County
48185,Grimes County,County
48187,Guadalupe County,County
48189,Hale County,County
48191,Hall County,County
48193,Hamilton County,County
48195,Hansford County,County
48197,Hardeman County,County
48199,Hardin County,County
48201,Harris County,County
48203,Harrison County,County
48205,Hartley County,County
48207,Haskell County,County
48209,Hays County,County
48211,Hemphill County,County
48213,Henderson County,County
48215,Hidalgo County,County
48217,Hill County,County
48219,Hockley County,County
48221,Hood County,County
48223,Hopkins County,County
48225,Houston County,County
48227,Howard County,County
48229,Hudspeth County,County
48231,Hunt County,County
48233,Hutchinson County,County
48235,Irion County,County
48237,Jack County,County
48239,Jackson County,County
48241,Jasper County,County
48243,Jeff Davis County,County
48245,Jefferson County,County
48247,Jim Hogg County,County
48249,Jim Wells County,County
48251,Johnson County,County
48253,Jones County,County
48255,Karnes County,County
48257,Kaufman County,County
48259,Kendall County,County
48261,Kenedy County,County
48263,Kent County,County
48265,Kerr County,County
48267,Kimble County,County
48269,King County,County
48271,Kinney County,County
48273,Kleberg County,County
48275,Knox County,County
48277,Lamar County,County
48279,Lamb County,County
48281,Lampasas County,County
48283,La Salle County,County
48285,Lavaca County,County
48287,Lee County,County
48289,Leon County,County
48291,Liberty County,County
48293,Limestone County,County
48295,Lipscomb County,County
48297,Live Oak County,County
48299,Llano County,County
48301,Loving County,County
48303,Lubbock County,County
48305,Lynn County,County
48307,McCulloch County,County
48309,McLennan County,County
48311,McMullen County,County
48313,Madison County,County
48315,Marion County,County
48317,Martin County,County
48319,Mason County,County
48321,Matagorda County,County
48323,Maverick County,County
48325,Medina County,County
48327,Menard County,County
48329,Midland County,County
48331,Milam County,County
48333,Mills County,County
48335,Mitchell County,County
48337,Montague County,County
48339,Montgomery County,County
48341,Moore County,County
48343,Morris County,County
48345,Motley County,County
48347,Nacogdoches County,County
48349,Navarro County,County
48351,Newton County,County
48353,Nolan County,County
48355,Nueces County,County
48357,Ochiltree County,County
48359,Oldham County,County
48361,Orange County,County
48363,Palo Pinto County,County
48365,Panola County,County
48367,Parker County,County
48369,Parmer County,County
48371,Pecos County,County
48373,Polk County,County
48375,Potter County,County
48377,Presidio County,County
48379,Rains County,County
48381,Randall County,County
48383,Reagan County,County
48385,Real County,County
48387,Red River County,County
48389,Reeves County,County
48391,Refugio County,County
48393,Roberts County,County
48395,Robertson County,County
48397,Rockwall County,County
48399,Runnels County,County
48401,Rusk County,County
48403,Sabine County,County
48405,San Augustine County,County
48407,San Jacinto County,County
48409,San Patricio County,County
48411,San Saba County,County
48413,Schleicher County,County
48415,Scurry County,County
48417,Shackelford County,County
48419,Shelby County,County
48421,Sherman County,County
48423,Smith County,County
48425,Somervell County,County
48427,Starr County,County
48429,Stephens County,County
48431,Sterling County,County
48433,Stonewall County,County
48435,Sutton County,County
48437,Swisher County,County
48439,Tarrant County,County
48441,Taylor County,County
48443,Terrell County,County
48445,Terry County,County
48447,Throckmorton County,County
48449,Titus County,County
48451,Tom Green County,County
48453,Travis County,County
48455,Trinity County,County
48457,Tyler County,County
48459,Upshur County,County
48461,Upton County,County
48463,Uvalde County,County
48465,Val Verde County,County
48467,Van Zandt County,County
48469,Victoria County,County
48471,Walker County,County
48473,Waller County,County
48475,Ward County,County
48477,Washington County,County
48479,Webb County,County
48481,Wharton County,County
48483,Wheeler County,County
48485,Wichita County,County
48487,Wilbarger County,County
48489,Willacy County,County
48491,Williamson County,County
48493,Wilson County,County
48495,Winkler County,County
48497,Wise County,County
48499,Wood County,County
48501,Yoakum County,County
48503,Young County,County
48505,Zapata County,County
48507,Zavala County,County
49000,Utah,County
49001,Beaver County,County
49003,Box Elder County,County
49005,Cache County,County
49007,Carbon County,County
49009,Daggett County,County
49011,Davis County,County
49013,Duchesne County,County
49015,Emery County,County
49017,Garfield County,County
49019,Grand County,County
49021,Iron County,County
49023,Juab County,County
49025,Kane County,County
49027,Millard County,County
49029,Morgan County,County
49031,Piute County,County
49033,Rich County,County
49035,Salt Lake County,County
49037,San Juan County,County
49039,Sanpete County,County
49041,Sevier County,County
49043,Summit County,County
49045,Tooele County,County
49047,Uintah County,County
49049,Utah County,County
49051,Wasatch County,County
49053,Washington County,County
49055,Wayne County,County
49057,Weber County,County
50000,Vermont,County
50001,Addison County,County
50003,Bennington County,County
50005,Caledonia County,County
50007,Chittenden County,County
50009,Essex County,County
50011,Franklin County,County
50013,Grand Isle County,County
50015,Lamoille County,County
50017,Orange County,County
50019,Orleans County,County
50021,Rutland County,County
50023,Washington County,County
50025,Windham County,County
50027,Windsor County,County
51000,Virginia,County
51001,Accomack County,County
51003,Albemarle County,County
51005,Alleghany County,County
51007,Amelia County,County
51009,Amherst County,County
51011,Appomattox County,County
51013,Arlington County,County
51015,Augusta County,County
51017,Bath County,County
51019,Bedford County,County
51021,Bland County,County
51023,Botetourt County,County
51025,Brunswick County,County
51027,Buchanan County,County
51029,Buckingham County,County
51031,Campbell County,County
51033,Caroline County,County
51035,Carroll County,County
51036,Charles City County,County
51037,Charlotte County,County
51041,Chesterfield County,County
51043,Clarke County,County
51045,Craig County,County
51047,Culpeper County,County
51049,Cumberland County,County
51051,Dickenson County,County
51053,Dinwiddie County,County
51057,Essex County,County
51059,Fairfax County,County
51061,Fauquier County,County
51063,Floyd County,County
51065,Fluvanna County,County
51067,Franklin County,County
51069,Frederick County,County
51071,Giles County,County
51073,Gloucester County,County
51075,Goochland County,County
51077,Grayson County,County
51079,Greene County,County
51081,Greensville County,County
51083,Halifax County,County
51085,Hanover County,County
51087,Henrico County,County
51089,Henry County,County
51091,Highland County,County
51093,Isle of Wight County,County
51095,James City County,County
51097,King and Queen County,County
51099,King George County,County
51101,King William County,County
51103,Lancaster County,County
51105,Lee County,County
51107,Loudoun County,County
51109,Louisa County,County
51111,Lunenburg County,County
51113,Madison County,County
51115,Mathews County,County
51117,Mecklenburg County,County
51119,Middlesex County,County
51121,Montgomery County,County
51125,Nelson County,County
51127,New Kent County,County
51131,Northampton County,County
51133,Northumberland County,County
51135,Nottoway County,County
51137,Orange County,County
51139,Page County,County
51141,Patrick County,County
51143,Pittsylvania County,County
51145,Powhatan County,County
51147,Prince Edward County,County
51149,Prince George County,County
51153,Prince William County,County
51155,Pulaski County,County
51157,Rappahannock County,County
51159,Richmond County,County
51161,Roanoke County,County
51163,Rockbridge County,County
51165,Rockingham County,County
51167,Russell County,County
51169,Scott County,County
51171,Shenandoah County,County
51173,Smyth County,County
51175,Southampton County,County
51177,Spotsylvania County,County
51179,Stafford County,County
51181,Surry County,County
51183,Sussex County,County
51185,Tazewell County,County
51187,Warren County,County
51191,Washington County,County
51193,Westmoreland County,County
51195,Wise County,County
51197,Wythe County,County
51199,York County,County
51510,Alexandria city,County
51515,Bedford city,County
51520,Bristol city,County
51530,Buena Vista city,County
51540,Charlottesville city,County
51550,Chesapeake city,County
51560,Clifton Forge city,County
51570,Colonial Heights city,County
51580,Covington city,County
51590,Danville city,County
51595,Emporia city,County
51600,Fairfax city,County
51610,Falls Church city,County
51620,Franklin city,County
51630,Fredericksburg city,County
51640,Galax city,County
51650,Hampton city,County
51660,Harrisonburg city,County
51670,Hopewell city,County
51678,Lexington city,County
51680,Lynchburg city,County
51683,Manassas city,County
51685,Manassas Park city,County
51690,Martinsville city,County
51700,Newport News city,County
51710,Norfolk city,County
51720,Norton city,County
51730,Petersburg city,County
51735,Poquoson city,County
51740,Portsmouth city,County
51750,Radford city,County
51760,Richmond city,County
51770,Roanoke city,County
51775,Salem city,County
51780,South Boston city,County
51790,Staunton city,County
51800,Suffolk city,County
51810,Virginia Beach city,County
51820,Waynesboro city,County
51830,Williamsburg city,County
51840,Winchester city,County
53000,Washington,County
53001,Adams County,County
53003,Asotin County,County
53005,Benton County,County
53007,Chelan County,County
53009,Clallam County,County
53011,Clark County,County
53013,Columbia County,County
53015,Cowlitz County,County
53017,Douglas County,County
53019,Ferry County,County
53021,Franklin County,County
53023,Garfield County,County
53025,Grant County,County
53027,Grays Harbor County,County
53029,Island County,County
53031,Jefferson County,County
53033,King County,County
53035,Kitsap County,County
53037,Kittitas County,County
53039,Klickitat County,County
53041,Lewis County,County
53043,Lincoln County,County
53045,Mason County,County
53047,Okanogan County,County
53049,Pacific County,County
53051,Pend Oreille County,County
53053,Pierce County,County
53055,San Juan County,County
53057,Skagit County,County
53059,Skamania County,County
53061,Snohomish County,County
53063,Spokane County,County
53065,Stevens County,County
53067,Thurston County,County
53069,Wahkiakum County,County
53071,Walla Walla County,County
53073,Whatcom County,County
53075,Whitman County,County
53077,Yakima County,County
54000,West Virginia,County
54001,Barbour County,County
54003,Berkeley County,County
54005,Boone County,County
54007,Braxton County,County
54009,Brooke County,County
54011,Cabell County,County
54013,Calhoun County,County
54015,Clay County,County
54017,Doddridge County,County
54019,Fayette County,County
54021,Gilmer County,County
54023,Grant County,County
54025,Greenbrier County,County
54027,Hampshire County,County
54029,Hancock County,County
54031,Hardy County,County
54033,Harrison County,County
54035,Jackson County,County
54037,Jefferson County,County
54039,Kanawha County,County
54041,Lewis County,County
54043,Lincoln County,County
54045,Logan County,County
54047,McDowell County,County
54049,Marion County,County
54051,Marshall County,County
54053,Mason County,County
54055,Mercer County,County
54057,Mineral County,County
54059,Mingo County,County
54061,Monongalia County,County
54063,Monroe County,County
54065,Morgan County,County
54067,Nicholas County,County
54069,Ohio County,County
54071,Pendleton County,County
54073,Pleasants County,County
54075,Pocahontas County,County
54077,Preston County,County
54079,Putnam County,County
54081,Raleigh County,County
54083,Randolph County,County
54085,Ritchie County,County
54087,Roane County,County
54089,Summers County,County
54091,Taylor County,County
54093,Tucker County,County
54095,Tyler County,County
54097,Upshur County,County
54099,Wayne County,County
54101,Webster County,County
54103,Wetzel County,County
54105,Wirt County,County
54107,Wood County,County
54109,Wyoming County,County
55000,Wisconsin,County
55001,Adams County,County
55003,Ashland County,County
55005,Barron County,County
55007,Bayfield County,County
55009,Brown County,County
55011,Buffalo County,County
55013,Burnett County,County
55015,Calumet County,County
55017,Chippewa County,County
55019,Clark County,County
55021,Columbia County,County
55023,Crawford County,County
55025,Dane County,County
55027,Dodge County,County
55029,Door County,County
55031,Douglas County,County
55033,Dunn County,County
55035,Eau Claire County,County
55037,Florence County,County
55039,Fond du Lac County,County
55041,Forest County,County
55043,Grant County,County
55045,Green County,County
55047,Green Lake County,County
55049,Iowa County,County
55051,Iron County,County
55053,Jackson County,County
55055,Jefferson County,County
55057,Juneau County,County
55059,Kenosha County,County
55061,Kewaunee County,County
55063,La Crosse County,County
55065,Lafayette County,County
55067,Langlade County,County
55069,Lincoln County,County
55071,Manitowoc County,County
55073,Marathon County,County
55075,Marinette County,County
55077,Marquette County,County
55078,Menominee County,County
55079,Milwaukee County,County
55081,Monroe County,County
55083,Oconto County,County
55085,Oneida County,County
55087,Outagamie County,County
55089,Ozaukee County,County
55091,Pepin County,County
55093,Pierce County,County
55095,Polk County,County
55097,Portage County,County
55099,Price County,County
55101,Racine County,County
55103,Richland County,County
55105,Rock County,County
55107,Rusk County,County
55109,St. Croix County,County
55111,Sauk County,County
55113,Sawyer County,County
55115,Shawano County,County
55117,Sheboygan County,County
55119,Taylor County,County
55121,Trempealeau County,County
55123,Vernon County,County
55125,Vilas County,County
55127,Walworth County,County
55129,Washburn County,County
55131,Washington County,County
55133,Waukesha County,County
55135,Waupaca County,County
55137,Waushara County,County
55139,Winnebago County,County
55141,Wood County,County
56000,Wyoming,County
56001,Albany County,County
56003,Big Horn County,County
56005,Campbell County,County
56007,Carbon County,County
56009,Converse County,County
56011,Crook County,County
56013,Fremont County,County
56015,Goshen County,County
56017,Hot Springs County,County
56019,Johnson County,County
56021,Laramie County,County
56023,Lincoln County,County
56025,Natrona County,County
56027,Niobrara County,County
56029,Park County,County
56031,Platte County,County
56033,Sheridan County,County
56035,Sublette County,County
56037,Sweetwater County,County
56039,Teton County,County
56041,Uinta County,County
56043,Washakie County,County
56045,Weston County,County