NAME,NAMELSAD
Prairie,Prairie township
Richland,Richland township
Ridge,Ridge township
Rose,Rose township
Rural,Rural township
Oblong,Oblong township
Prairie,Prairie township
Martin,Martin township
Shelbyville,Shelbyville township
Sigel,Sigel township
Tower Hill,Tower Hill township
Marrowbone,Marrowbone township
12,Precinct 12
Lovington,Lovington township
Peoria City,Peoria City township
Whitley,Whitley township
Auburn,Auburn township
Ball,Ball township
Buffalo Hart,Buffalo Hart township
Capital,Capital township
Cartwright,Cartwright township
Chatham,Chatham township
Cooper,Cooper township
Lanesville,Lanesville township
Divernon,Divernon township
Island Grove,Island Grove township
Loami,Loami township
Maxwell,Maxwell township
Mechanicsburg,Mechanicsburg township
New Berlin,New Berlin township
Springfield,Springfield township
Talkington,Talkington township
Williams,Williams township
Woodside,Woodside township
Illiopolis,Illiopolis township
Rochester,Rochester township
Point Pleasant,Point Pleasant township
Sumner,Sumner township
Tompkins,Tompkins township
Bishop,Bishop township
Douglas,Douglas township
Jackson,Jackson township
Lucas,Lucas township
Mason,Mason township
Moccasin,Moccasin township
Mound,Mound township
St. Francis,St. Francis township
Summit,Summit township
Teutopolis,Teutopolis township
Union,Union township
Watson,Watson township
Kansas,Kansas township
Liberty,Liberty township
Clyde,Clyde township
Jordan,Jordan township
Chandlerville,Chandlerville township
Sangamon Valley,Sangamon Valley township
Santa Fe,Santa Fe township
Cass,Cass township
Stockland,Stockland township
Crooked Creek,Crooked Creek township
Roodhouse,Roodhouse township
Durham,Durham township
Rubicon,Rubicon township
Canteen,Canteen township
Engelmann,Engelmann township
Freeburg,Freeburg township
Lebanon,Lebanon township
Wrights,Wrights township
Marissa,Marissa township
Washington,Washington precinct
Lee,Lee township
Missouri,Missouri township
Mount Sterling,Mount Sterling township
Darwin,Darwin township
Mercer,Mercer township
Millersburg,Millersburg township
New Boston,New Boston township
Ohio Grove,Ohio Grove township
Perryton,Perryton township
Preemption,Preemption township
Pea Ridge,Pea Ridge township
Versailles,Versailles township
Berwick,Berwick township
Dolson,Dolson township
Johnson,Johnson township
Marshall,Marshall township
Martinsville,Martinsville township
Bear Creek,Bear Creek township
Hancock,Hancock township
Prairie,Prairie township
St. Albans,St. Albans township
Walker,Walker township
Wythe,Wythe township
La Harpe,La Harpe township
Walsh,Walsh precinct
Frankfort,Frankfort township
Humboldt,Humboldt township
Lafayette,Lafayette township
Mattoon,Mattoon township
North Okaw,North Okaw township
Brenton,Brenton township
New Athens,New Athens township
Prairie Du Long,Prairie Du Long township
Lenzburg,Lenzburg township
East St. Louis,East St. Louis township
Button,Button township
Dix,Dix township
Mona,Mona township
Patton,Patton township
Metropolis No. 4,Metropolis No. 4 precinct
Bell Plain,Bell Plain township
Carbondale,Carbondale township
Degognia,Degognia township
Makanda,Makanda township
Barren,Barren township
Rivoli,Rivoli township
Suez,Suez township
Richland Grove,Richland Grove township
St. Rose,St. Rose township
Shields,Shields township
Wauconda,Wauconda township
Waukegan,Waukegan township
West Deerfield,West Deerfield township
County subdivisions not defined,County subdivisions not defined
Fremont,Fremont township
Louisville,Louisville township
Paradise,Paradise township
Melrose,Melrose township
Parker,Parker township
Wabash,Wabash township
York,York township
Seven Hickory,Seven Hickory township
Bone Gap,Bone Gap precinct
Ellery,Ellery precinct
Salem No. 2,Salem No. 2 precinct
Peach Orchard,Peach Orchard township
Pella,Pella township
Rogers,Rogers township
Sullivant,Sullivant township
Wall,Wall township
Ewing,Ewing township
Six Mile,Six Mile township
Cave,Cave township
Antioch,Antioch township
Avon,Avon township
Cuba,Cuba township
Grant,Grant township
Ruyle,Ruyle township
Kendall,Kendall township
Oswego,Oswego township
Breese,Breese township
Brookside,Brookside township
East Fork,East Fork township
Irishtown,Irishtown township
Salina,Salina township
Yellowhead,Yellowhead township
Grisham,Grisham township
Harvel,Harvel township
Assumption,Assumption township
Bear Creek,Bear Creek township
Lake Villa,Lake Villa township
Buckhart,Buckhart township
Greenwood,Greenwood township
Athens North No. 2,Athens North No. 2 precinct
Athens South No. 1,Athens South No. 1 precinct
Libertyville,Libertyville township
Newport,Newport township
Browning,Browning township
Wade,Wade township
Wheatfield,Wheatfield township
Germantown,Germantown township
Looking Glass,Looking Glass township
Carrollton,Carrollton township
Patterson,Patterson township
Woodville,Woodville township
Dixon,Dixon precinct
Shelby No. 1,Shelby No. 1 precinct
Hillsboro,Hillsboro township
Pitman,Pitman township
South Litchfield,South Litchfield township
Walshville,Walshville township
Benton,Benton township
Ela,Ela township
Johnson,Johnson township
Mosquito,Mosquito township
Pana,Pana township
Prairieton,Prairieton township
Ricks,Ricks township
Atterberry No. 10,Atterberry No. 10 precinct
Atlanta,Atlanta township
Broadwell,Broadwell township
Arispie,Arispie township
Berlin,Berlin township
Bureau,Bureau township
Clarion,Clarion township
Witt,Witt township
Zanesville,Zanesville township
Bois D'Arc,Bois D'Arc township
Irving,Irving township
Rountree,Rountree township
Eddyville No. 6,Eddyville No. 6 precinct
Beaver Creek,Beaver Creek township
Du Quoin No. 3,Du Quoin No. 3 precinct
Du Quoin No. 4,Du Quoin No. 4 precinct
Du Quoin No. 5,Du Quoin No. 5 precinct
Du Quoin No. 6,Du Quoin No. 6 precinct
Drummer,Drummer township
Chester,Chester township
Corwin,Corwin township
Eminence,Eminence township
Laenna,Laenna township
Rosamond,Rosamond township
South Fork,South Fork township
Taylorville,Taylorville township
King,King township
Petersburg East No. 13,Petersburg East No. 13 precinct
Petersburg North No. 14,Petersburg North No. 14 precinct
Cazenovia,Cazenovia township
Concord,Concord township
Dover,Dover township
Greenville,Greenville township
Petersburg South No. 15,Petersburg South No. 15 precinct
Rock Creek No. 12,Rock Creek No. 12 precinct
Alton,Alton township
Edwardsville,Edwardsville township
Granite City,Granite City township
Jarvis,Jarvis township
Golconda No. 1,Golconda No. 1 precinct
Golconda No. 3,Golconda No. 3 precinct
Webster No. 5,Webster No. 5 precinct
Greene,Greene township
Linn,Linn township
Metamora,Metamora township
Minonk,Minonk township
Montgomery,Montgomery township
Olio,Olio township
Pinckneyville No. 3,Pinckneyville No. 3 precinct
Du Quoin No. 7,Du Quoin No. 7 precinct
McLeansboro,McLeansboro township
South Crouch,South Crouch township
Du Quoin No. 9,Du Quoin No. 9 precinct
Du Quoin No. 10,Du Quoin No. 10 precinct
Du Quoin No. 11,Du Quoin No. 11 precinct
Appanoose,Appanoose township
Albion No. 1,Albion No. 1 precinct
Albion No. 2,Albion No. 2 precinct
Albion No. 3,Albion No. 3 precinct
Lake Fork,Lake Fork township
Mount Pulaski,Mount Pulaski township
Sheridan,Sheridan township
Indiantown,Indiantown township
La Moille,La Moille township
Leepertown,Leepertown township
Milo,Milo township
Augusta,Augusta township
Chili,Chili township
Du Quoin No. 1,Du Quoin No. 1 precinct
Swanwick,Swanwick precinct
Willisville,Willisville precinct
Du Quoin No. 12,Du Quoin No. 12 precinct
Princeton,Princeton township
South Twigg,South Twigg township
Twigg,Twigg township
Pinckneyville No. 1,Pinckneyville No. 1 precinct
Pinckneyville No. 2,Pinckneyville No. 2 precinct
Plato,Plato township
Rutland,Rutland township
Sugar Grove,Sugar Grove township
Virgil,Virgil township
Mineral,Mineral township
Neponset,Neponset township
Ohio,Ohio township
Selby,Selby township
Dora,Dora township
Pinckneyville No. 4,Pinckneyville No. 4 precinct
Pinckneyville No. 5,Pinckneyville No. 5 precinct
Pinckneyville No. 6,Pinckneyville No. 6 precinct
Pinckneyville No. 7,Pinckneyville No. 7 precinct
East Nelson,East Nelson township
Jonathan Creek,Jonathan Creek township
Walnut,Walnut township
Westfield,Westfield township
Wheatland,Wheatland township
Wyanet,Wyanet township
Audubon,Audubon township
East Fork,East Fork township
Tamaroa No. 2,Tamaroa No. 2 precinct
Ridott,Ridott township
Biggsville,Biggsville township
Raritan,Raritan township
Hallock,Hallock township
East Lincoln,East Lincoln township
Hurlbut,Hurlbut township
Oran,Oran township
Georges Creek,Georges Creek precinct
Algonquin,Algonquin township
Lamoine,Lamoine township
Mound,Mound township
New Salem,New Salem township
Atlas,Atlas township
Barry,Barry township
Prairie City,Prairie City township
Chambersburg,Chambersburg township
Sciota,Sciota township
Tennessee,Tennessee township
Waldo,Waldo township
Mounds,Mounds precinct
Walnut Grove,Walnut Grove township
Blue Mound,Blue Mound township
Chenoa,Chenoa township
Cincinnati,Cincinnati township
Derry,Derry township
Detroit,Detroit township
Fairmount,Fairmount township
Griggsville,Griggsville township
Hadley,Hadley township
Cropsey,Cropsey township
Danvers,Danvers township
Dawson,Dawson township
Mulberry Grove,Mulberry Grove township
Shoal Creek,Shoal Creek township
Lisle,Lisle township
Milton,Milton township
North Henderson,North Henderson township
Wayne,Wayne township
York,York township
Banner,Banner township
West,West township
Lacon,Lacon township
Golconda No. 2,Golconda No. 2 precinct
Jefferson No. 4,Jefferson No. 4 precinct
Eastern,Eastern township
Goode,Goode township
Northern,Northern township
Browns,Browns precinct
French Creek,French Creek precinct
Salem No. 1,Salem No. 1 precinct
Dry Grove,Dry Grove township
Funks Grove,Funks Grove township
Hardin,Hardin township
Kinderhook,Kinderhook township
Newburg,Newburg township
New Salem,New Salem township
Pearl,Pearl township
Perry,Perry township
Taylor,Taylor township
Clarksburg,Clarksburg township
Penn,Penn township
Todds Point,Todds Point township
Gridley,Gridley township
Lawndale,Lawndale township
Lexington,Lexington township
Grandville,Grandville township
Grove,Grove township
Hunt City,Hunt City township
Roberts,Roberts township
North Muddy,North Muddy township
Ste. Marie,Ste. Marie township
Du Page,Du Page township
Manhattan,Manhattan township
Beverly,Beverly township
Burton,Burton township
Tallula No. 11,Tallula No. 11 precinct
Claremont,Claremont township
Decker,Decker township
Denver,Denver township
Noble,Noble township
Camp Point,Camp Point township
Kansas,Kansas township
Flint,Flint township
Nixon,Nixon township
Waynesville,Waynesville township
Duncan,Duncan township
Martin,Martin township
Money Creek,Money Creek township
Mount Hope,Mount Hope township
Old Town,Old Town township
South Muddy,South Muddy township
Wade,Wade township
Keithsburg,Keithsburg township
Willow Hill,Willow Hill township
Asbury,Asbury township
New Haven,New Haven township
Buena Vista,Buena Vista township
Woodstock,Woodstock township
Columbus,Columbus township
Concord,Concord township
Unity,Unity township
Granville,Granville township
Hennepin,Hennepin township
Fall Creek,Fall Creek township
Honey Creek,Honey Creek township
Randolph,Randolph township
Towanda,Towanda township
West,West township
White Oak,White Oak township
Yates,Yates township
Andalusia,Andalusia township
Blackhawk,Blackhawk township
Bowling,Bowling township
Buffalo Prairie,Buffalo Prairie township
Seminary,Seminary township
South Hurricane,South Hurricane township
Vandalia,Vandalia township
Avena,Avena township
Bear Grove,Bear Grove township
Carson,Carson township
Loudon,Loudon township
Pope,Pope township
Canoe Creek,Canoe Creek township
Coe,Coe township
Cordova,Cordova township
Drury,Drury township
Moline,Moline township
Port Byron,Port Byron township
Rock Island,Rock Island township
Burgess,Burgess township
Central,Central township
Lyman,Lyman township
Bloom,Bloom township
Chicago,Chicago city
Elk Grove,Elk Grove township
Leyden,Leyden township
Maine,Maine township
Rich,Rich township
River Forest,River Forest township
Stickney,Stickney township
Worth,Worth township
Rural,Rural township
South Moline,South Moline township
South Rock Island,South Rock Island township
Magnolia,Magnolia township
Alden,Alden township
Senachwine,Senachwine township
Crouch,Crouch township
Dahlgren,Dahlgren township
Flannigan,Flannigan township
Mayberry,Mayberry township
South Flannigan,South Flannigan township
Houston,Houston township
Hampton,Hampton township
Zuma,Zuma township
Jacksonville No. 6,Jacksonville No. 6 precinct
Jacksonville No. 7,Jacksonville No. 7 precinct
Jacksonville No. 8,Jacksonville No. 8 precinct
Jacksonville No. 9,Jacksonville No. 9 precinct
Jacksonville No. 11,Jacksonville No. 11 precinct
Jacksonville No. 12,Jacksonville No. 12 precinct
Keene,Keene township
Carthage,Carthage township
Harmony,Harmony township
Montebello,Montebello township
Warsaw,Warsaw township
Fountain Green,Fountain Green township
Mills,Mills township
Pleasant Mound,Pleasant Mound township
Burnt Prairie,Burnt Prairie township
Gray,Gray township
Indian Creek,Indian Creek township
Phillips,Phillips township
Chouteau,Chouteau township
Collinsville,Collinsville township
Foster,Foster township
Moro,Moro township
Nameoki,Nameoki township
Omphghent,Omphghent township
Saline,Saline township
Venice,Venice township
Literberry,Literberry precinct
Jefferson,Jefferson precinct
Liberty,Liberty township
Melrose,Melrose township
Payson,Payson township
Riverside,Riverside township
Quincy,Quincy township
McKee,McKee township
Northeast,Northeast township
Richfield,Richfield township
Walkerville,Walkerville township
Covington,Covington township
Hoyleton,Hoyleton township
Venedy,Venedy township
Waverly No. 2,Waverly No. 2 precinct
Benton,Benton precinct
Logan,Logan precinct
Metropolis No. 1,Metropolis No. 1 precinct
Honey Creek,Honey Creek township
Bellmont,Bellmont precinct
Lick Prairie,Lick Prairie precinct
Westfield,Westfield township
Carrier Mills,Carrier Mills township
Mountain,Mountain township
Stonefort,Stonefort township
Woodson,Woodson precinct
Ashmore,Ashmore township
East Oakland,East Oakland township
Morgan,Morgan township
Caseyville,Caseyville township
Fayetteville,Fayetteville township
Mascoutah,Mascoutah township
O'Fallon,O'Fallon township
Smithton,Smithton township
Sugar Loaf,Sugar Loaf township
Pleasant Grove,Pleasant Grove township
Arcola,Arcola township
Saratoga,Saratoga township
Goose Lake,Goose Lake township
Stites,Stites township
Karnak,Karnak precinct
Pulaski,Pulaski precinct
Wetaug,Wetaug precinct
Cerro Gordo,Cerro Gordo township
Blue Ridge,Blue Ridge township
Helvetia,Helvetia township
Brouilletts Creek,Brouilletts Creek township
America,America precinct
Mound City,Mound City precinct
Olmsted,Olmsted precinct
Perks,Perks precinct
Ross,Ross township
Fairfield,Fairfield township
Buck,Buck township
Edgar,Edgar township
Elbridge,Elbridge township
Embarrass,Embarrass township
Big Mound,Big Mound township
Elm River,Elm River township
Leech,Leech township
Galesburg City,Galesburg City township
Grandview,Grandview township
Hunter,Hunter township
Paris,Paris township
Walnut Grove,Walnut Grove township
Bald Bluff,Bald Bluff township
Prairie,Prairie township
Ross,Ross township
Burlington,Burlington township
Elgin,Elgin township
Fillmore Consolidated,Fillmore Consolidated township
Holland,Holland township
Oconee,Oconee township
Lowe,Lowe township
Licking,Licking township
Big Spring,Big Spring township
Cold Spring,Cold Spring township
Dry Point,Dry Point township
Flat Branch,Flat Branch township
Herrick,Herrick township
Lakewood,Lakewood township
Belleville,Belleville city
Moweaqua,Moweaqua township
Okaw,Okaw township
Evanston,Evanston city
Addison,Addison township
Downers Grove,Downers Grove township
Naperville,Naperville township
Winfield,Winfield township
Shiloh,Shiloh township
Stratton,Stratton township
Young America,Young America township
Chicago,Chicago city
Bainbridge,Bainbridge township
Birmingham,Birmingham township
Coal Valley,Coal Valley township
Pittsfield,Pittsfield township
Pleasant Hill,Pleasant Hill township
Adams,Adams township
Ophir,Ophir township
Pleasant Vale,Pleasant Vale township
Ross,Ross township
Spring Creek,Spring Creek township
1,Precinct 1
6,Precinct 6
10,Precinct 10
Richland,Richland township
Amboy,Amboy township
English,English township
Fidelity,Fidelity township
Bloomingdale,Bloomingdale township
Forreston,Forreston township
Brooklyn,Brooklyn township
Browning,Browning township
Camden,Camden township
Frederick,Frederick township
Hickory,Hickory township
Huntsville,Huntsville township
Akron,Akron township
Brimfield,Brimfield township
Chillicothe,Chillicothe township
Elmwood,Elmwood township
Hollis,Hollis township
Jubilee,Jubilee township
Limestone,Limestone township
Clayton,Clayton township
Ellington,Ellington township
Gilmer,Gilmer township
Lima,Lima township
Mendon,Mendon township
Ursa,Ursa township
37,Precinct 37
28,Precinct 28
Bradford,Bradford township
Brooklyn,Brooklyn township
Harmon,Harmon township
Lee Center,Lee Center township
Rushville,Rushville township
Hale,Hale township
Spring Grove,Spring Grove township
Belleview,Belleview precinct
Carlin,Carlin precinct
Crater,Crater precinct
Gilead,Gilead precinct
Hamburg,Hamburg precinct
Du Quoin No. 2,Du Quoin No. 2 precinct
Beaucoup,Beaucoup precinct
Sunfield,Sunfield precinct
Pinckneyville No. 8,Pinckneyville No. 8 precinct
Tamaroa No. 1,Tamaroa No. 1 precinct
Cutler,Cutler precinct
Logan,Logan township
Millbrook,Millbrook township
Princeville,Princeville township
Radnor,Radnor township
Richwoods,Richwoods township
Rosefield,Rosefield township
Timber,Timber township
Lisbon,Lisbon township
Vernon,Vernon township
Mason City,Mason City township
Percy,Percy precinct
Sand Prairie,Sand Prairie township
Cruger,Cruger township
Jacksonville No. 10,Jacksonville No. 10 precinct
Wyoming,Wyoming township
Hardin,Hardin precinct
Littleton,Littleton township
Richwood,Richwood precinct
Lockport,Lockport township
Wilton,Wilton township
Channahon,Channahon township
Crete,Crete township
Custer,Custer township
Florence,Florence township
Frankfort,Frankfort township
Martinsburg,Martinsburg township
Trivoli,Trivoli township
West Peoria,West Peoria township
Nachusa,Nachusa township
Chemung,Chemung township
Osceola,Osceola township
Carterville,Carterville precinct
Creal Springs,Creal Springs precinct
Herrin,Herrin precinct
Stonefort,Stonefort precinct
Crab Orchard,Crab Orchard precinct
Dorr,Dorr township
Dunham,Dunham township
Grafton,Grafton township
Greenwood,Greenwood township
Hebron,Hebron township
Zif,Zif township
Jonesboro District 1,Jonesboro District 1 precinct
Levee,Levee township
Montezuma,Montezuma township
Clay City,Clay City township
Nebraska,Nebraska township
Sunbury,Sunbury township
Green Garden,Green Garden township
Homer,Homer township
Jackson,Jackson township
Joliet,Joliet township
Monee,Monee township
New Lenox,New Lenox township
Ash Grove,Ash Grove township
Chebanse,Chebanse township
Concord,Concord township
Danforth,Danforth township
Martinton,Martinton township
Du Quoin No. 8,Du Quoin No. 8 precinct
Corinth,Corinth precinct
Southern,Southern precinct
Lake Creek,Lake Creek precinct
McHenry,McHenry township
Marengo,Marengo township
Richmond,Richmond township
Crooked Creek,Crooked Creek township
Spring Point,Spring Point township
Riley,Riley township
Nunda,Nunda township
Seneca,Seneca township
Bible Grove,Bible Grove township
Blair,Blair township
Oskaloosa,Oskaloosa township
Pixley,Pixley township
Sullivan,Sullivan township
Otto,Otto township
Songer,Songer township
Stanford,Stanford township
Xenia,Xenia township
Farmington,Farmington township
Harris,Harris township
Isabel,Isabel township
Waterford,Waterford township
Little Mackinaw,Little Mackinaw township
Butler Grove,Butler Grove township
Nokomis,Nokomis township
North Litchfield,North Litchfield township
Raymond,Raymond township
Batavia,Batavia township
Big Rock,Big Rock township
Blackberry,Blackberry township
Campton,Campton township
Cottonwood,Cottonwood township
Sumpter,Sumpter township
Woodbury,Woodbury township
Greenup,Greenup township
Alto Pass,Alto Pass precinct
Dundee,Dundee township
Geneva,Geneva township
Hampshire,Hampshire township
Kaneville,Kaneville township
Centralia,Centralia township
Romine,Romine township
Salem,Salem township
Tonti,Tonti township
Peru,Peru township
Serena,Serena township
Deerfield,Deerfield township
South Ottawa,South Ottawa township
Troy Grove,Troy Grove township
Utica,Utica township
Wallace,Wallace township
Waltham,Waltham township
East Galena,East Galena township
Pawnee,Pawnee township
Essex,Essex township
Ganeer,Ganeer township
Kankakee,Kankakee township
Limestone,Limestone township
Manteno,Manteno township
Momence,Momence township
Norton,Norton township
Brewerville,Brewerville precinct
Kaskaskia,Kaskaskia precinct
Rockwood,Rockwood precinct
Wine Hill,Wine Hill precinct
Bourbon,Bourbon township
Alsey,Alsey precinct
Bloomfield,Bloomfield precinct
Glasgow,Glasgow precinct
Manchester,Manchester precinct
Bowdre,Bowdre township
Camargo,Camargo township
Garrett,Garrett township
Murdock,Murdock township
Newman,Newman township
Sargent,Sargent township
Tuscola,Tuscola township
Stonington,Stonington township
Bald Hill,Bald Hill township
Blissville,Blissville township
Casner,Casner township
Dodds,Dodds township
Elk Prairie,Elk Prairie township
Farrington,Farrington township
Field,Field township
Grand Prairie,Grand Prairie township
Merritt,Merritt precinct
Naples-Bluffs,Naples-Bluffs precinct
Winchester No. 1,Winchester No. 1 precinct
Winchester No. 2,Winchester No. 2 precinct
McClellan,McClellan township
Moores Prairie,Moores Prairie township
Mount Vernon,Mount Vernon township
Pendleton,Pendleton township
Rome,Rome township
Shiloh,Shiloh township
Spring Garden,Spring Garden township
Webber,Webber township
Central,Central precinct
Coulterville,Coulterville precinct
Palestine,Palestine precinct
Steeleville,Steeleville precinct
Tilden,Tilden precinct
Baldwin,Baldwin precinct
Ellis Grove,Ellis Grove precinct
Blue Mound,Blue Mound township
Decatur,Decatur township
Winchester No. 3,Winchester No. 3 precinct
El Paso,El Paso township
Menominee,Menominee township
Nora,Nora township
Friends Creek,Friends Creek township
Harristown,Harristown township
Hickory Point,Hickory Point township
Long Creek,Long Creek township
Maroa,Maroa township
Mount Zion,Mount Zion township
Deer Park,Deer Park township
Groveland,Groveland township
Vermillion,Vermillion township
Pleasant Valley,Pleasant Valley township
Rawlins,Rawlins township
Clear Lake,Clear Lake township
Curran,Curran township
Gardner,Gardner township
Brookville,Brookville township
Rice,Rice township
Rush,Rush township
Scales Mound,Scales Mound township
Niantic,Niantic township
Oakley,Oakley township
South Wheatland,South Wheatland township
Whitmore,Whitmore township
Thompson,Thompson township
Wards Grove,Wards Grove township
Warren,Warren township
West Galena,West Galena township
Woodbine,Woodbine township
Vinegar Hill,Vinegar Hill township
Union,Union precinct
Eagle Creek,Eagle Creek township
Equality,Equality township
Gold Hill,Gold Hill township
North Fork,North Fork township
Arenzville,Arenzville township
Ashland,Ashland township
Beardstown,Beardstown township
Omaha,Omaha township
Ridgway,Ridgway township
Shawnee,Shawnee township
Jacksonville No. 2,Jacksonville No. 2 precinct
Christy,Christy township
Lukin,Lukin township
Hagener,Hagener township
Newmansville,Newmansville township
Panther Creek,Panther Creek township
Philadelphia,Philadelphia township
Virginia,Virginia township
Pisgah,Pisgah precinct
Buffalo,Buffalo township
Byron,Byron township
Dement,Dement township
Eagle Point,Eagle Point township
Flagg,Flagg township
Grand Detour,Grand Detour township
Lafayette,Lafayette township
Leaf River,Leaf River township
Lincoln,Lincoln township
Lynnville,Lynnville township
Marion,Marion township
Maryland,Maryland township
Monroe,Monroe township
Mount Morris,Mount Morris township
Oregon-Nashua,Oregon-Nashua township
Pine Rock,Pine Rock township
Alexander,Alexander precinct
Arcadia,Arcadia precinct
Jacksonville No. 1,Jacksonville No. 1 precinct
Jacksonville No. 3,Jacksonville No. 3 precinct
Jacksonville No. 4,Jacksonville No. 4 precinct
Rockvale,Rockvale township
White Rock,White Rock township
Woosung,Woosung township
Allison,Allison township
Russell,Russell township
Bridgeport,Bridgeport township
Shabbona,Shabbona township
Somonauk,Somonauk township
Anna District 1,Anna District 1 precinct
Anna District 2,Anna District 2 precinct
Anna District 3,Anna District 3 precinct
Anna District 6,Anna District 6 precinct
Elmira,Elmira township
Neoga,Neoga township
Union,Union township
Ayers,Ayers township
Cache,Cache precinct
Locust,Locust township
Scott,Scott township
Ora,Ora township
Afton,Afton township
Clinton,Clinton township
Cortland,Cortland township
DeKalb,DeKalb township
Hall,Hall township
Macon,Macon township
Franklin,Franklin township
Genoa,Genoa township
Kingston,Kingston township
Malta,Malta township
Mayfield,Mayfield township
Milan,Milan township
Paw Paw,Paw Paw township
Pierce,Pierce township
Sandwich,Sandwich township
South Grove,South Grove township
Sycamore,Sycamore township
Sugar Creek,Sugar Creek township
Freedom,Freedom township
Foster,Foster township
Waverly No. 1,Waverly No. 1 precinct
Stevenson,Stevenson township
Bloomington,Bloomington township
Bloomington City,Bloomington City township
Cheney's Grove,Cheney's Grove township
Empire,Empire township
Hudson,Hudson township
Franklin,Franklin precinct
Jacksonville No. 5,Jacksonville No. 5 precinct
Carrigan,Carrigan township
Haines,Haines township
Meacham,Meacham township
Raccoon,Raccoon township
Rocky Run-Wilcox,Rocky Run-Wilcox township
Cotton Hill,Cotton Hill township
Fancy Creek,Fancy Creek township
Crane Creek,Crane Creek township
Kilbourne,Kilbourne township
Salt Creek,Salt Creek township
Sherman,Sherman township
Colfax,Colfax township
Compromise,Compromise township
Evans,Evans township
Condit,Condit township
Crittenden,Crittenden township
Ogden,Ogden township
Pesotum,Pesotum township
Rosiclare,Rosiclare precinct
La Prairie,La Prairie township
Richland,Richland township
Saratoga,Saratoga township
Philo,Philo township
Stanton,Stanton township
Tolono,Tolono township
Whitefield,Whitefield township
Iuka,Iuka township
Amity,Amity township
Germanville,Germanville township
Blandinsville,Blandinsville township
Chalmers,Chalmers township
Emmet,Emmet township
Macomb,Macomb township
Macomb City,Macomb City township
East Bend,East Bend township
Harwood,Harwood township
Kerr,Kerr township
Mahomet,Mahomet township
Newcomb,Newcomb township
Raymond,Raymond township
Scotland,Scotland township
Auburn,Auburn township
Sadorus,Sadorus township
Scott,Scott township
Sidney,Sidney township
South Homer,South Homer township
Rock,Rock precinct
Illini,Illini township
Champaign,Champaign township
Champaign City,Champaign City township
Cunningham,Cunningham township
Mount Pleasant,Mount Pleasant township
Dillon,Dillon township
Hopedale,Hopedale township
Hensley,Hensley township
Ludlow,Ludlow township
Rantoul,Rantoul township
St. Joseph,St. Joseph township
Somer,Somer township
Urbana,Urbana township
Bruce,Bruce township
Freedom,Freedom township
East Eldorado,East Eldorado township
Galatia,Galatia township
Woodland,Woodland township
Rutland,Rutland township
Harrisburg,Harrisburg township
Thebes,Thebes precinct
South Palmyra,South Palmyra township
Cahokia,Cahokia township
South Otter,South Otter township
Chesterfield,Chesterfield township
Gillespie,Gillespie township
Dorchester,Dorchester township
Barr,Barr township
Smallwood,Smallwood township
Pleasant View,Pleasant View township
Lancaster,Lancaster township
Silver Creek,Silver Creek township
Independence,Independence township
Long Branch,Long Branch township
Raleigh,Raleigh township
Rector,Rector township
Tate,Tate township
Mount Auburn,Mount Auburn township
Blairsville,Blairsville precinct
East Marion,East Marion precinct
Grassy,Grassy precinct
West Marion,West Marion precinct
Rozetta,Rozetta township
Elwood,Elwood township
Galesburg,Galesburg township
Henderson,Henderson township
Orange,Orange township
Greenview No. 6,Greenview No. 6 precinct
Oakford No. 9,Oakford No. 9 precinct
Sandridge No. 8,Sandridge No. 8 precinct
Essex,Essex township
Goshen,Goshen township
Aetna,Aetna township
Elkhart,Elkhart township
Orvil,Orvil township
Prairie Creek,Prairie Creek township
West Lincoln,West Lincoln township
Grand Chain,Grand Chain precinct
Ullin,Ullin precinct
Villa Ridge,Villa Ridge precinct
Exeter-Bluffs,Exeter-Bluffs precinct
May,May township
Wysox,Wysox township
Kane,Kane township
Rockbridge,Rockbridge township
White Hall,White Hall township
Belknap,Belknap precinct
Cache,Cache precinct
Goreville No. 2,Goreville No. 2 precinct
Tunnel Hill,Tunnel Hill precinct
Erie,Erie township
Lyndon,Lyndon township
Penn,Penn township
West Jersey,West Jersey township
Blount,Blount township
Butler,Butler township
Carroll,Carroll township
Catlin,Catlin township
Newton,Newton township
Portland,Portland township
Dongola District 1,Dongola District 1 precinct
Ashley,Ashley township
Beaucoup,Beaucoup township
Bolo,Bolo township
Du Bois,Du Bois township
Irvington,Irvington township
Avoca,Avoca township
Belle Prairie,Belle Prairie township
Broughton,Broughton township
Charlotte,Charlotte township
Chatsworth,Chatsworth township
Dwight,Dwight township
Galva,Galva township
Bremen,Bremen precinct
Chester,Chester precinct
Evansville,Evansville precinct
Prairie du Rocher,Prairie du Rocher precinct
Red Bud,Red Bud precinct
Ruma,Ruma precinct
Sparta,Sparta precinct
Danville,Danville township
Georgetown,Georgetown township
Grant,Grant township
Johannisburg,Johannisburg township
Lively Grove,Lively Grove township
Nashville,Nashville township
Pilot Knob,Pilot Knob township
Plum Hill,Plum Hill township
LeRoy,LeRoy township
Manchester,Manchester township
Poplar Grove,Poplar Grove township
Love,Love township
McKendree,McKendree township
Middlefork,Middlefork township
Richview,Richview township
Eppards Point,Eppards Point township
Esmen,Esmen township
Spring,Spring township
Cherry Grove-Shannon,Cherry Grove-Shannon township
Fairhaven,Fairhaven township
Fayette,Fayette township
Forrest,Forrest township
Indian Grove,Indian Grove township
Long Point,Long Point township
Nevada,Nevada township
Newtown,Newtown township
Odell,Odell township
Mount Carroll,Mount Carroll township
Casey,Casey township
Emma,Emma township
Hawthorne,Hawthorne township
Mill Shoals,Mill Shoals township
Rock Creek-Lima,Rock Creek-Lima township
Salem,Salem township
Savanna,Savanna township
Washington,Washington township
York,York township
Newell,Newell township
Oakwood,Oakwood township
Pilot,Pilot township
Owego,Owego township
Pike,Pike township
Pleasant Ridge,Pleasant Ridge township
Pontiac,Pontiac township
Reading,Reading township
Round Grove,Round Grove township
Andover,Andover township
Western,Western township
Sidell,Sidell township
South Ross,South Ross township
Bowling Green,Bowling Green township
Kaskaskia,Kaskaskia township
Sharon,Sharon township
Saunemin,Saunemin township
Sullivan,Sullivan township
Union,Union township
Balcom,Balcom precinct
Cobden District 1,Cobden District 1 precinct
Cave-In-Rock,Cave-In-Rock precinct
McFarlan,McFarlan precinct
Monroe,Monroe precinct
Cobden District 2,Cobden District 2 precinct
Dongola District 2,Dongola District 2 precinct
Vance,Vance township
Cedar,Cedar township
Chestnut,Chestnut township
Copley,Copley township
Elba,Elba township
Haw Creek,Haw Creek township
Indian Point,Indian Point township
Knox,Knox township
Maquon,Maquon township
Brushy,Brushy township
Cottage,Cottage township
South Macon,South Macon township
Stone Church,Stone Church precinct
Ontario,Ontario township
Persifer,Persifer township
Rio,Rio township
Salem,Salem township
Sparta,Sparta township
Bradley,Bradley township
Lick Creek,Lick Creek precinct
Mill Creek,Mill Creek precinct
Stokes,Stokes precinct
Belvidere,Belvidere township
Clement,Clement township
Bonus,Bonus township
Boone,Boone township
Caledonia,Caledonia township
Jamaica,Jamaica township
Bethel,Bethel township
Truro,Truro township
Victoria,Victoria township
Carmi,Carmi township
Elsah,Elsah township
De Soto,De Soto township
Fountain Bluff,Fountain Bluff township
Kinkaid,Kinkaid township
Bushnell,Bushnell township
Colchester,Colchester township
Eldorado,Eldorado township
Lynchburg,Lynchburg township
Hire,Hire township
Industry,Industry township
Sugar Grove No. 5,Sugar Grove No. 5 precinct
Brown,Brown township
Lagrange,Lagrange township
Old Ripley,Old Ripley township
Tamalco,Tamalco township
Alba,Alba township
Annawan,Annawan township
Atkinson,Atkinson township
Burns,Burns township
Clover,Clover township
Colona,Colona township
Cornwall,Cornwall township
Edford,Edford township
Geneseo,Geneseo township
Hanna,Hanna township
Kewanee,Kewanee township
Loraine,Loraine township
Clintonia,Clintonia township
Creek,Creek township
Shelby No. 2,Shelby No. 2 precinct
Harp,Harp township
Lynn,Lynn township
Munson,Munson township
Osco,Osco township
Oxford,Oxford township
Phenix,Phenix township
Weller,Weller township
Wethersfield,Wethersfield township
Yorktown,Yorktown township
Plainfield,Plainfield township
Reed,Reed township
Troy,Troy township
Washington,Washington township
Wesley,Wesley township
Dallas City,Dallas City township
Nauvoo,Nauvoo township
Texas,Texas township
Tunbridge,Tunbridge township
Wapella,Wapella township
Pilot Grove,Pilot Grove township
Pontoosuc,Pontoosuc township
Cooperstown,Cooperstown township
Wilson,Wilson township
Stockton,Stockton township
Carlyle,Carlyle township
Lake,Lake township
Ash Grove,Ash Grove township
Kickapoo,Kickapoo township
Medina,Medina township
Cairo,Cairo precinct
Tamms,Tamms precinct
Squaw Grove,Squaw Grove township
Austin,Austin township
Wheatland,Wheatland township
Wilmington,Wilmington township
Charleston,Charleston township
Hutton,Hutton township
Adkins,Adkins precinct
East Brooklyn,East Brooklyn precinct
Bennington,Bennington township
Aux Sable,Aux Sable township
Pickaway,Pickaway township
Benton,Benton township
Denning,Denning township
Tyrone,Tyrone township
Grant,Grant precinct
Hillerman,Hillerman precinct
German,German township
Madison,Madison township
Preston,Preston township
Seward,Seward township
Anna District 5,Anna District 5 precinct
Shirland,Shirland township
Hopewell,Hopewell township
Braceville,Braceville township
Erienna,Erienna township
Felix,Felix township
Garfield,Garfield township
Windsor,Windsor township
Jackson,Jackson precinct
Metropolis No. 2,Metropolis No. 2 precinct
Metropolis No. 3,Metropolis No. 3 precinct
West Brooklyn,West Brooklyn precinct
Flora,Flora township
Barnhill,Barnhill township
Rock Creek,Rock Creek township
St. Mary,St. Mary township
Goodfarm,Goodfarm township
Greenfield,Greenfield township
Highland,Highland township
Maine,Maine township
Henry,Henry township
Bedford,Bedford township
Berry,Berry township
Mazon,Mazon township
Franklin,Franklin precinct
Indian Creek No. 7,Indian Creek No. 7 precinct
Sonora,Sonora township
Hutsonville,Hutsonville township
Lamotte,Lamotte township
Montgomery,Montgomery township
Robinson,Robinson township
Southwest,Southwest township
Wauponsee,Wauponsee township
Morris,Morris township
Nettle Creek,Nettle Creek township
Four Mile,Four Mile township
Garden Hill,Garden Hill township
Grover,Grover township
Hickory Hill,Hickory Hill township
Norman,Norman township
Vienna,Vienna township
Indian Prairie,Indian Prairie township
Steuben,Steuben township
Athensville,Athensville township
Jasper,Jasper township
Keith,Keith township
Bluffdale,Bluffdale township
Linder,Linder township
Irish Grove No. 4,Irish Grove No. 4 precinct
Lamard,Lamard township
Massilon,Massilon township
Petersburg West No. 16,Petersburg West No. 16 precinct
Lincoln,Lincoln precinct
Eliza,Eliza township
Greene,Greene township
Palestine,Palestine township
Panola,Panola township
Partridge,Partridge township
Spring Bay,Spring Bay township
Worth,Worth township
St. Clair,St. Clair township
Mount Erie,Mount Erie township
Orchard,Orchard township
Orel,Orel township
Roanoke,Roanoke township
Arrington,Arrington township
Point,Point precinct
Meridian,Meridian township
Valley,Valley township
Gold,Gold township
Freeport,Freeport township
Winslow,Winslow township
Bond,Bond township
Denison,Denison township
Lawrence,Lawrence township
Petty,Petty township
Buckeye,Buckeye township
Loran,Loran township
Astoria,Astoria township
Banner,Banner township
Bernadotte,Bernadotte township
Buckheart,Buckheart township
Ashton,Ashton township
Rock Run,Rock Run township
Canton,Canton township
Ellisville,Ellisville township
Fairview,Fairview township
Farmers,Farmers township
Joshua,Joshua township
Franklin Grove,Franklin Grove township
Dixon,Dixon township
East Grove,East Grove township
Hamilton,Hamilton township
Marion,Marion township
May,May township
Godfrey,Godfrey village
Nelson,Nelson township
Palmyra,Palmyra township
South Dixon,South Dixon township
Sublette,Sublette township
Viola,Viola township
Willow Creek,Willow Creek township
Will,Will township
Seward,Seward township
Peotone,Peotone township
Bowlesville,Bowlesville township
Roscoe,Roscoe township
Burritt,Burritt township
Cherry Valley,Cherry Valley township
Coffee,Coffee precinct
Lancaster,Lancaster precinct
Durand,Durand township
Harlem,Harlem township
Harrison,Harrison township
Laona,Laona township
Owen,Owen township
Rockford,Rockford township
Rockton,Rockton township
Winnebago,Winnebago township
Apple River,Apple River township
Berreman,Berreman township
Dakota,Dakota township
Erin,Erin township
Florence,Florence township
Fancy Prairie No. 3,Fancy Prairie No. 3 precinct
Jonesboro District 2,Jonesboro District 2 precinct
Anna District 4,Anna District 4 precinct
Council Hill,Council Hill township
Derinda,Derinda township
Dunleith,Dunleith township
Elizabeth,Elizabeth township
Guilford,Guilford township
Hanover,Hanover township
Harlem,Harlem township
Jefferson,Jefferson township
Kent,Kent township
Oneco,Oneco township
Rock Grove,Rock Grove township
Jonesboro District 3,Jonesboro District 3 precinct
Anna District 7,Anna District 7 precinct
Waddams,Waddams township
West Point,West Point township
Bement,Bement township
Friendsville,Friendsville precinct
Mount Carmel,Mount Carmel precinct
Normal,Normal township
Nilwood,Nilwood township
Wabash,Wabash precinct
Compton,Compton precinct
Goose Creek,Goose Creek township
Monticello,Monticello township
Sangamon,Sangamon township
Willow Branch,Willow Branch township
Carman,Carman township
Gladstone,Gladstone township
Lomax,Lomax township
Bonpas,Bonpas township
Olney,Olney township
Santa Anna,Santa Anna township
Media,Media township
Oquawka,Oquawka township
Stronghurst,Stronghurst township
Lynn,Lynn township
Ripley,Ripley township
Barnett,Barnett township
De Witt,De Witt township
Rutledge,Rutledge township
Pine Creek,Pine Creek township
Terre Haute,Terre Haute township
Edgington,Edgington township
Cambridge,Cambridge township
Alhambra,Alhambra township
Fort Russell,Fort Russell township
Hamel,Hamel township
Marine,Marine township
New Douglas,New Douglas township
Reynolds,Reynolds township
Olive,Olive township
Pin Oak,Pin Oak township
St. Jacob,St. Jacob township
Wood River,Wood River township
Bellflower,Bellflower township
Dale,Dale township
Downs,Downs township
Leef,Leef township
Symmes,Symmes township
Burton,Burton township
Coral,Coral township
Hartland,Hartland township
Aurora,Aurora township
St. Charles,St. Charles township
Pecatonica,Pecatonica township
Lake No. 1,Lake No. 1 precinct
Vienna No. 2,Vienna No. 2 precinct
Lake No. 2,Lake No. 2 precinct
Big Grove,Big Grove township
Bristol,Bristol township
Fox,Fox township
Little Rock,Little Rock township
Bloomfield,Bloomfield precinct
Na-Au-Say,Na-Au-Say township
West Peoria,West Peoria city
Rockville,Rockville township
South Jacksonville No. 1,South Jacksonville No. 1 precinct
Buckhorn,Buckhorn township
Elkhorn,Elkhorn township
Burnside,Burnside precinct
Elvira,Elvira precinct
Goreville No. 1,Goreville No. 1 precinct
Grantsburg No. 1,Grantsburg No. 1 precinct
Pembroke,Pembroke township
Pilot,Pilot township
St. Anne,St. Anne township
Sumner,Sumner township
Grantsburg No. 2,Grantsburg No. 2 precinct
Ozark,Ozark precinct
Kerton,Kerton township
Lee,Lee township
Lewistown,Lewistown township
Simpson,Simpson precinct
Vienna No. 1,Vienna No. 1 precinct
Vienna No. 3,Vienna No. 3 precinct
Liverpool,Liverpool township
Allin,Allin township
Anchor,Anchor township
Arrowsmith,Arrowsmith township
Aroma,Aroma township
Bourbonnais,Bourbonnais township
Harter,Harter township
Hoosier,Hoosier township
Larkinsburg,Larkinsburg township
Orion,Orion township
Pleasant,Pleasant township
Putman,Putman township
South Jacksonville No. 3,South Jacksonville No. 3 precinct
South Jacksonville No. 2,South Jacksonville No. 2 precinct
Union,Union township
Coldbrook,Coldbrook township
Ellison,Ellison township
Floyd,Floyd township
Victor,Victor township
Greenbush,Greenbush township
Murrayville,Murrayville precinct
Anderson,Anderson township
Douglas,Douglas township
Oakland,Oakland township
Ashkum,Ashkum township
Belmont,Belmont township
Middleport,Middleport township
Prairie Green,Prairie Green township
Kelly,Kelly township
Lenox,Lenox township
Monmouth,Monmouth township
Vermont,Vermont township
Orange,Orange township
Alto,Alto township
Bluff Springs,Bluff Springs township
2,Precinct 2
3,Precinct 3
Artesia,Artesia township
Beaver,Beaver township
Swan,Swan township
Woodland,Woodland township
Young Hickory,Young Hickory township
Kinmundy,Kinmundy township
4,Precinct 4
5,Precinct 5
Odin,Odin township
7,Precinct 7
8,Precinct 8
9,Precinct 9
Roseville,Roseville township
Beaverville,Beaverville township
Crescent,Crescent township
Douglas,Douglas township
Fountain Creek,Fountain Creek township
Omega,Omega township
Sandoval,Sandoval township
Patoka,Patoka township
Alma,Alma township
Elkhorn Grove,Elkhorn Grove township
13,Precinct 13
16,Precinct 16
17,Precinct 17
18,Precinct 18
19,Precinct 19
Iroquois,Iroquois township
Loda,Loda township
Lovejoy,Lovejoy township
Milford,Milford township
11,Precinct 11
14,Precinct 14
24,Precinct 24
27,Precinct 27
20,Precinct 20
23,Precinct 23
25,Precinct 25
26,Precinct 26
29,Precinct 29
30,Precinct 30
Barrington,Barrington township
Berwyn,Berwyn township
Staunton,Staunton township
Clayton,Clayton township
Milks Grove,Milks Grove township
Onarga,Onarga township
Papineau,Papineau township
Pigeon Grove,Pigeon Grove township
Ridgeland,Ridgeland township
McClure,McClure precinct
Olive Branch,Olive Branch precinct
Sandusky,Sandusky precinct
Sheldon,Sheldon township
Boynton,Boynton township
Cincinnati,Cincinnati township
Deer Creek,Deer Creek township
Genesee,Genesee township
Hahnaman,Hahnaman township
Hopkins,Hopkins township
Hume,Hume township
Delavan,Delavan township
Elm Grove,Elm Grove township
Fondulac,Fondulac township
Montmorency,Montmorency township
31,Precinct 31
32,Precinct 32
33,Precinct 33
34,Precinct 34
35,Precinct 35
36,Precinct 36
Calumet,Calumet township
Cicero,Cicero township
Lemont,Lemont township
New Trier,New Trier township
Enfield,Enfield township
Heralds Prairie,Heralds Prairie township
Richwood,Richwood township
Jersey,Jersey township
Mississippi,Mississippi township
Otter Creek,Otter Creek township
Piasa,Piasa township
Quarry,Quarry township
Rosedale,Rosedale township
Levan,Levan township
Murphysboro,Murphysboro township
21,Precinct 21
Sand Ridge,Sand Ridge township
Groveland,Groveland township
Hittle,Hittle township
Mackinaw,Mackinaw township
Manlius,Manlius township
Malone,Malone township
Morton,Morton township
Pekin,Pekin township
Rooks Creek,Rooks Creek township
Bath,Bath township
Vergennes,Vergennes township
Grand Tower,Grand Tower township
Pomona,Pomona township
Crook,Crook township
Knight Prairie,Knight Prairie township
15,Precinct 15
22,Precinct 22
County subdivisions not defined,County subdivisions not defined
Bremen,Bremen township
Hanover,Hanover township
Niles,Niles township
Proviso,Proviso township
Thornton,Thornton township
Northfield,Northfield township
Norwood Park,Norwood Park township
Oak Park,Oak Park township
Orland,Orland township
Hurricane,Hurricane township
La Clede,La Clede township
Lone Grove,Lone Grove township
Otego,Otego township
Shafter,Shafter township
Wheatland,Wheatland township
Wilberton,Wilberton township
Somerset,Somerset township
Spring Lake,Spring Lake township
Tremont,Tremont township
Washington,Washington township
Toulon,Toulon township
Palatine,Palatine township
Palos,Palos township
Riverside,Riverside township
Schaumburg,Schaumburg township
Bunker Hill,Bunker Hill township
Brighton,Brighton township
Albany,Albany township
Ramsey,Ramsey township
Sefton,Sefton township
Okawville,Okawville township
Oakdale,Oakdale township
Coloma,Coloma township
Fenton,Fenton township
Fulton,Fulton township
Garden Plain,Garden Plain township
Allen,Allen township
Brookfield,Brookfield township
Dayton,Dayton township
Lyons,Lyons township
Wheeling,Wheeling township
Bird,Bird township
Brushy Mound,Brushy Mound township
Fox,Fox township
Dimmick,Dimmick township
Eagle,Eagle township
Earl,Earl township
Eden,Eden township
Fall River,Fall River township
Farm Ridge,Farm Ridge township
Grand Rapids,Grand Rapids township
Carlinville,Carlinville township
Girard,Girard township
Hillyard,Hillyard township
Honey Point,Honey Point township
Ustick,Ustick township
Elk,Elk township
Allens Grove,Allens Grove township
Hope,Hope township
LaSalle,LaSalle township
Manlius,Manlius township
Mendota,Mendota township
Meriden,Meriden township
Miller,Miller township
Mount Olive,Mount Olive township
North Otter,North Otter township
Forest City,Forest City township
Havana,Havana township
Manito,Manito township
Pennsylvania,Pennsylvania township
Quiver,Quiver township
North Palmyra,North Palmyra township
Polk,Polk township
Mission,Mission township
Northville,Northville township
Osage,Osage township
Ottawa,Ottawa township
Otter Creek,Otter Creek township
Scottville,Scottville township
Shaws Point,Shaws Point township
Shipman,Shipman township
Virden,Virden township
Abington,Abington township
Western Mound,Western Mound township
Prophetstown,Prophetstown township
Sterling,Sterling township
Tampico,Tampico township
Union Grove,Union Grove township
Moraine,Moraine township
Warren,Warren township
Zion,Zion township
Centreville,Centreville township
Shiloh Valley,Shiloh Valley township
Stookey,Stookey township
Millstadt,Millstadt township
Lynnville-Markham,Lynnville-Markham precinct
Meredosia,Meredosia precinct
Chapin-Concord,Chapin-Concord precinct
